{
    "$id": "https://openminds.ebrains.eu/core/funding?format=json-schema",
    "$schema": "http://json-schema.org/draft-07/schema#",
    "_type": "https://openminds.ebrains.eu/core/Funding",
    "description": "Structured information on used funding.",
    "properties": {
        "@id": {
            "description": "Metadata node identifier.",
            "type": "string"
        },
        "@type": {
            "const": "https://openminds.ebrains.eu/core/Funding",
            "type": "string"
        },
        "https://openminds.ebrains.eu/vocab/acknowledgement": {
            "_instruction": "Enter the acknowledgement that should be used with this funding.",
            "description": "Offical declaration or avowal of appreciation of an act or achievement.",
            "title": "acknowledgement",
            "type": "string"
        },
        "https://openminds.ebrains.eu/vocab/awardNumber": {
            "_instruction": "Enter the associated award number of this funding.",
            "description": "Machine-readable identifier for a benefit that is conferred or bestowed on the basis of merit or need.",
            "title": "awardNumber",
            "type": "string"
        },
        "https://openminds.ebrains.eu/vocab/awardTitle": {
            "_instruction": "Enter the award title of this funding.",
            "description": "Human-readable identifier for a benefit that is conferred or bestowed on the basis of merit or need.",
            "title": "awardTitle",
            "type": "string"
        },
        "https://openminds.ebrains.eu/vocab/funder": {
            "_instruction": "Add the organization that provided this funding.",
            "description": "Legal person that provides money for a particular purpose.",
            "else": {
                "properties": {
                    "@id": {
                        "format": "iri",
                        "type": "string"
                    }
                },
                "required": [
                    "@id"
                ]
            },
            "if": {
                "required": [
                    "@type"
                ]
            },
            "then": {
                "properties": {
                    "@id": {
                        "format": "iri",
                        "type": "string"
                    },
                    "@type": {
                        "enum": [
                            "https://openminds.ebrains.eu/core/Organization",
                            "https://openminds.ebrains.eu/core/Person"
                        ],
                        "format": "iri",
                        "type": "string"
                    }
                },
                "required": [
                    "@id"
                ]
            },
            "title": "funder",
            "type": "object"
        }
    },
    "required": [
        "@id",
        "funder",
        "@type"
    ],
    "title": "Funding",
    "type": "object"
}