{
    "$id": "https://openminds.ebrains.eu/core/fileBundle?format=json-schema",
    "$schema": "http://json-schema.org/draft-07/schema#",
    "_categories": [
        "fileOrigin"
    ],
    "_type": "https://openminds.ebrains.eu/core/FileBundle",
    "description": "Structured information on a bundle of file instances.",
    "properties": {
        "@id": {
            "description": "Metadata node identifier.",
            "type": "string"
        },
        "@type": {
            "const": "https://openminds.ebrains.eu/core/FileBundle",
            "type": "string"
        },
        "https://openminds.ebrains.eu/vocab/contentDescription": {
            "_instruction": "Enter a short content description for this file bundle.",
            "title": "contentDescription",
            "type": "string"
        },
        "https://openminds.ebrains.eu/vocab/format": {
            "_instruction": "If the files within this bundle are organised and formatted according to a formal data structure, add the content type of this file bundle. Leave blank if no formal data structure has been applied to the files within this bundle.",
            "description": "Method of digitally organizing and structuring data or information.",
            "else": {
                "properties": {
                    "@id": {
                        "format": "iri",
                        "type": "string"
                    }
                },
                "required": [
                    "@id"
                ]
            },
            "if": {
                "required": [
                    "@type"
                ]
            },
            "then": {
                "properties": {
                    "@id": {
                        "format": "iri",
                        "type": "string"
                    },
                    "@type": {
                        "enum": [
                            "https://openminds.ebrains.eu/core/ContentType"
                        ],
                        "format": "iri",
                        "type": "string"
                    }
                },
                "required": [
                    "@id"
                ]
            },
            "title": "format",
            "type": "object"
        },
        "https://openminds.ebrains.eu/vocab/groupedBy": {
            "_instruction": "Add all entities that defined which files were grouped into this file bundle. Note that the schema types of the instances stated here, need to match the ones stated under 'groupingType'.",
            "description": "Reference to the aspect used to group something.",
            "items": {
                "else": {
                    "properties": {
                        "@id": {
                            "format": "iri",
                            "type": "string"
                        }
                    },
                    "required": [
                        "@id"
                    ]
                },
                "if": {
                    "required": [
                        "@type"
                    ]
                },
                "then": {
                    "properties": {
                        "@id": {
                            "format": "iri",
                            "type": "string"
                        },
                        "@type": {
                            "enum": [
                                "https://openminds.ebrains.eu/sands/CommonCoordinateSpace",
                                "https://openminds.ebrains.eu/sands/CommonCoordinateSpaceVersion",
                                "https://openminds.ebrains.eu/sands/CustomCoordinateSpace",
                                "https://openminds.ebrains.eu/core/TissueSampleCollection",
                                "https://openminds.ebrains.eu/core/Subject",
                                "https://openminds.ebrains.eu/core/SubjectState",
                                "https://openminds.ebrains.eu/core/SubjectGroupState",
                                "https://openminds.ebrains.eu/core/SubjectGroup",
                                "https://openminds.ebrains.eu/core/TissueSampleState",
                                "https://openminds.ebrains.eu/core/TissueSample",
                                "https://openminds.ebrains.eu/core/TissueSampleCollectionState",
                                "https://openminds.ebrains.eu/core/BehavioralProtocol",
                                "https://openminds.ebrains.eu/core/FileBundle",
                                "https://openminds.ebrains.eu/core/File",
                                "https://openminds.ebrains.eu/computation/LocalFile",
                                "https://openminds.ebrains.eu/controlledTerms/StimulationApproach",
                                "https://openminds.ebrains.eu/controlledTerms/Technique",
                                "https://openminds.ebrains.eu/controlledTerms/AnalysisTechnique",
                                "https://openminds.ebrains.eu/controlledTerms/StimulationTechnique",
                                "https://openminds.ebrains.eu/sands/ParcellationEntity",
                                "https://openminds.ebrains.eu/sands/ParcellationEntityVersion",
                                "https://openminds.ebrains.eu/sands/CustomAnatomicalEntity",
                                "https://openminds.ebrains.eu/controlledTerms/BreedingType",
                                "https://openminds.ebrains.eu/controlledTerms/AuditoryStimulusType",
                                "https://openminds.ebrains.eu/controlledTerms/Organ",
                                "https://openminds.ebrains.eu/controlledTerms/OrganismSubstance",
                                "https://openminds.ebrains.eu/controlledTerms/Handedness",
                                "https://openminds.ebrains.eu/controlledTerms/UBERONParcellation",
                                "https://openminds.ebrains.eu/controlledTerms/BiologicalSex",
                                "https://openminds.ebrains.eu/controlledTerms/TermSuggestion",
                                "https://openminds.ebrains.eu/controlledTerms/MolecularEntity",
                                "https://openminds.ebrains.eu/controlledTerms/GeneticStrainType",
                                "https://openminds.ebrains.eu/controlledTerms/CellCultureType",
                                "https://openminds.ebrains.eu/controlledTerms/SubcellularEntity",
                                "https://openminds.ebrains.eu/controlledTerms/TactileStimulusType",
                                "https://openminds.ebrains.eu/controlledTerms/VisualStimulusType",
                                "https://openminds.ebrains.eu/controlledTerms/ElectricalStimulusType",
                                "https://openminds.ebrains.eu/controlledTerms/Species",
                                "https://openminds.ebrains.eu/controlledTerms/OpticalStimulusType",
                                "https://openminds.ebrains.eu/controlledTerms/Disease",
                                "https://openminds.ebrains.eu/controlledTerms/CellType",
                                "https://openminds.ebrains.eu/controlledTerms/OlfactoryStimulusType",
                                "https://openminds.ebrains.eu/controlledTerms/GustatoryStimulusType",
                                "https://openminds.ebrains.eu/controlledTerms/DiseaseModel",
                                "https://openminds.ebrains.eu/controlledTerms/BiologicalOrder",
                                "https://openminds.ebrains.eu/controlledTerms/OrganismSystem"
                            ],
                            "format": "iri",
                            "type": "string"
                        }
                    },
                    "required": [
                        "@id"
                    ]
                }
            },
            "minItems": 1,
            "title": "groupedBy",
            "type": "array",
            "uniqueItems": true
        },
        "https://openminds.ebrains.eu/vocab/groupingType": {
            "_instruction": "Add all grouping types that were used to define this file bundle. Note that the grouping types define the possible schema type of the instances stated under 'groupedBy'.",
            "items": {
                "else": {
                    "properties": {
                        "@id": {
                            "format": "iri",
                            "type": "string"
                        }
                    },
                    "required": [
                        "@id"
                    ]
                },
                "if": {
                    "required": [
                        "@type"
                    ]
                },
                "then": {
                    "properties": {
                        "@id": {
                            "format": "iri",
                            "type": "string"
                        },
                        "@type": {
                            "enum": [
                                "https://openminds.ebrains.eu/controlledTerms/FileBundleGrouping"
                            ],
                            "format": "iri",
                            "type": "string"
                        }
                    },
                    "required": [
                        "@id"
                    ]
                }
            },
            "minItems": 1,
            "title": "groupingType",
            "type": "array",
            "uniqueItems": true
        },
        "https://openminds.ebrains.eu/vocab/hash": {
            "_type": "https://openminds.ebrains.eu/core/Hash",
            "description": "Structured information on a hash.",
            "properties": {
                "algorithm": {
                    "_instruction": "Enter the algorithm used to generate this hash.",
                    "description": "Procedure for solving a mathematical problem in a finite number of steps. Can involve repetition of an operation.",
                    "title": "algorithm",
                    "type": "string"
                },
                "digest": {
                    "_instruction": "Enter the digest of this hash.",
                    "description": "Summation or condensation of a body of information.",
                    "title": "digest",
                    "type": "string"
                }
            },
            "required": [
                "algorithm",
                "digest"
            ],
            "type": "object"
        },
        "https://openminds.ebrains.eu/vocab/isPartOf": {
            "_instruction": "Add the file bundle or file repository this file bundle is part of.",
            "description": "Reference to the ensemble of multiple things or beings.",
            "else": {
                "properties": {
                    "@id": {
                        "format": "iri",
                        "type": "string"
                    }
                },
                "required": [
                    "@id"
                ]
            },
            "if": {
                "required": [
                    "@type"
                ]
            },
            "then": {
                "properties": {
                    "@id": {
                        "format": "iri",
                        "type": "string"
                    },
                    "@type": {
                        "enum": [
                            "https://openminds.ebrains.eu/core/FileBundle",
                            "https://openminds.ebrains.eu/core/FileRepository"
                        ],
                        "format": "iri",
                        "type": "string"
                    }
                },
                "required": [
                    "@id"
                ]
            },
            "title": "isPartOf",
            "type": "object"
        },
        "https://openminds.ebrains.eu/vocab/name": {
            "_instruction": "Enter the name of this file bundle.",
            "description": "Word or phrase that constitutes the distinctive designation of a being or thing.",
            "title": "name",
            "type": "string"
        },
        "https://openminds.ebrains.eu/vocab/storageSize": {
            "_type": "https://openminds.ebrains.eu/core/QuantitativeValue",
            "description": "Structured information on a quantitative value.",
            "properties": {
                "typeOfUncertainty": {
                    "_instruction": "Add the type of uncertainty used to determine the uncertainity for this quantitative value.",
                    "_linkedTypes": [
                        "https://openminds.ebrains.eu/controlledTerms/TypeOfUncertainty"
                    ],
                    "description": "Distinct technique used to quantify the uncertainty of a measurement.",
                    "title": "typeOfUncertainty"
                },
                "uncertainty": {
                    "_instruction": "Enter the uncertainty of this quantitative value.",
                    "description": "Quantitative value range defining the uncertainty of a measurement.",
                    "items": {
                        "type": "number"
                    },
                    "maxItems": 2,
                    "minItems": 2,
                    "title": "uncertainty",
                    "type": "array"
                },
                "unit": {
                    "_instruction": "Add the unit of measurement of this quantitative value and its uncertainty.",
                    "_linkedTypes": [
                        "https://openminds.ebrains.eu/controlledTerms/UnitOfMeasurement"
                    ],
                    "description": "Determinate quantity adopted as a standard of measurement.",
                    "title": "unit"
                },
                "value": {
                    "_instruction": "Enter the value of this quantitative value.",
                    "description": "Entry for a property.",
                    "title": "value",
                    "type": "number"
                }
            },
            "required": [
                "value"
            ],
            "type": "object"
        }
    },
    "required": [
        "https://openminds.ebrains.eu/vocab/isPartOf",
        "https://openminds.ebrains.eu/vocab/name",
        "@type",
        "@id"
    ],
    "type": "object"
}