{
    "$id": "https://openminds.ebrains.eu/core/metaDataModelVersion?format=json-schema",
    "$schema": "http://json-schema.org/draft-07/schema#",
    "_type": "https://openminds.ebrains.eu/core/MetaDataModelVersion",
    "properties": {
        "@id": {
            "description": "Metadata node identifier.",
            "type": "string"
        },
        "@type": {
            "const": "https://openminds.ebrains.eu/core/MetaDataModelVersion",
            "type": "string"
        },
        "https://openminds.ebrains.eu/vocab/accessibility": {
            "_instruction": "Add the accessibility of the data for this research product version.",
            "description": "Level to which something is accessible to someone or something.",
            "else": {
                "properties": {
                    "@id": {
                        "format": "iri",
                        "type": "string"
                    }
                },
                "required": [
                    "@id"
                ]
            },
            "if": {
                "required": [
                    "@type"
                ]
            },
            "then": {
                "properties": {
                    "@id": {
                        "format": "iri",
                        "type": "string"
                    },
                    "@type": {
                        "enum": [
                            "https://openminds.ebrains.eu/controlledTerms/ProductAccessibility"
                        ],
                        "format": "iri",
                        "type": "string"
                    }
                },
                "required": [
                    "@id"
                ]
            },
            "title": "accessibility",
            "type": "object"
        },
        "https://openminds.ebrains.eu/vocab/copyright": {
            "_type": "https://openminds.ebrains.eu/core/Copyright",
            "description": "Structured information on the copyright.",
            "properties": {
                "holder": {
                    "_instruction": "Add one or several persons or organisations that hold the copyright.",
                    "_linkedTypes": [
                        "https://openminds.ebrains.eu/core/Organization",
                        "https://openminds.ebrains.eu/core/Person"
                    ],
                    "description": "Legal person in possession of something.",
                    "minItems": 1,
                    "title": "holder",
                    "type": "array",
                    "uniqueItems": true
                },
                "year": {
                    "_instruction": "Enter the year during which the copyright was first asserted.",
                    "description": "Cycle in the Gregorian calendar specified by a number and comprised of 365 or 366 days divided into 12 months beginning with January and ending with December.",
                    "pattern": "([0-9]{4})",
                    "title": "year",
                    "type": "string"
                }
            },
            "required": [
                "holder",
                "year"
            ],
            "type": "object"
        },
        "https://openminds.ebrains.eu/vocab/custodian": {
            "_instruction": "Add one or several custodians (person or organization) that are responsible for this research product version.",
            "description": "The 'custodian' is a legal person who is responsible for the content and quality of the data, metadata, and/or code of a research product.",
            "items": {
                "else": {
                    "properties": {
                        "@id": {
                            "format": "iri",
                            "type": "string"
                        }
                    },
                    "required": [
                        "@id"
                    ]
                },
                "if": {
                    "required": [
                        "@type"
                    ]
                },
                "then": {
                    "properties": {
                        "@id": {
                            "format": "iri",
                            "type": "string"
                        },
                        "@type": {
                            "enum": [
                                "https://openminds.ebrains.eu/core/Organization",
                                "https://openminds.ebrains.eu/core/Person"
                            ],
                            "format": "iri",
                            "type": "string"
                        }
                    },
                    "required": [
                        "@id"
                    ]
                }
            },
            "minItems": 1,
            "title": "custodian",
            "type": "array",
            "uniqueItems": true
        },
        "https://openminds.ebrains.eu/vocab/description": {
            "_instruction": "If necessary, enter a version specific description (abstract) for this research product version (max. 2000 characters, incl. spaces; no references). If left blank, the research product version will inherit the 'description' of it's corresponding research product.",
            "description": "Longer statement or account giving the characteristics of someone or something.",
            "maxLength": 2000,
            "title": "description",
            "type": "string"
        },
        "https://openminds.ebrains.eu/vocab/developer": {
            "_instruction": "If necessary, add one or several developers (person or organization) that contributed to the code implementation of this (meta)data model version. Note that these developers will overwrite the once provided in the (meta)data model product this version belongs to.",
            "description": "Legal person that creates or improves products or services (e.g., software, applications, etc.).",
            "items": {
                "else": {
                    "properties": {
                        "@id": {
                            "format": "iri",
                            "type": "string"
                        }
                    },
                    "required": [
                        "@id"
                    ]
                },
                "if": {
                    "required": [
                        "@type"
                    ]
                },
                "then": {
                    "properties": {
                        "@id": {
                            "format": "iri",
                            "type": "string"
                        },
                        "@type": {
                            "enum": [
                                "https://openminds.ebrains.eu/core/Organization",
                                "https://openminds.ebrains.eu/core/Person"
                            ],
                            "format": "iri",
                            "type": "string"
                        }
                    },
                    "required": [
                        "@id"
                    ]
                }
            },
            "minItems": 1,
            "title": "developer",
            "type": "array",
            "uniqueItems": true
        },
        "https://openminds.ebrains.eu/vocab/digitalIdentifier": {
            "_instruction": "Add the globally unique and persistent digital identifier of this research product version.",
            "description": "Digital handle to identify objects or legal persons.",
            "else": {
                "properties": {
                    "@id": {
                        "format": "iri",
                        "type": "string"
                    }
                },
                "required": [
                    "@id"
                ]
            },
            "if": {
                "required": [
                    "@type"
                ]
            },
            "then": {
                "properties": {
                    "@id": {
                        "format": "iri",
                        "type": "string"
                    },
                    "@type": {
                        "enum": [
                            "https://openminds.ebrains.eu/core/DOI",
                            "https://openminds.ebrains.eu/core/SWHID"
                        ],
                        "format": "iri",
                        "type": "string"
                    }
                },
                "required": [
                    "@id"
                ]
            },
            "title": "digitalIdentifier",
            "type": "object"
        },
        "https://openminds.ebrains.eu/vocab/fullDocumentation": {
            "_instruction": "Add the DOI, file or URL that points to a full documentation of this research product version.",
            "description": "Non-abridged instructions, comments, and information for using a particular product.",
            "else": {
                "properties": {
                    "@id": {
                        "format": "iri",
                        "type": "string"
                    }
                },
                "required": [
                    "@id"
                ]
            },
            "if": {
                "required": [
                    "@type"
                ]
            },
            "then": {
                "properties": {
                    "@id": {
                        "format": "iri",
                        "type": "string"
                    },
                    "@type": {
                        "enum": [
                            "https://openminds.ebrains.eu/core/DOI",
                            "https://openminds.ebrains.eu/core/File",
                            "https://openminds.ebrains.eu/core/URL"
                        ],
                        "format": "iri",
                        "type": "string"
                    }
                },
                "required": [
                    "@id"
                ]
            },
            "title": "fullDocumentation",
            "type": "object"
        },
        "https://openminds.ebrains.eu/vocab/fullName": {
            "_instruction": "If necessary, enter a version specific descriptive full name (title) for this research product version. If left blank, the research product version will inherit the 'fullName' of it's corresponding research product.",
            "description": "Whole, non-abbreviated name of something or somebody.",
            "title": "fullName",
            "type": "string"
        },
        "https://openminds.ebrains.eu/vocab/funding": {
            "_instruction": "Add all funding information of this research product version.",
            "description": "Money provided by a legal person for a particular purpose.",
            "items": {
                "else": {
                    "properties": {
                        "@id": {
                            "format": "iri",
                            "type": "string"
                        }
                    },
                    "required": [
                        "@id"
                    ]
                },
                "if": {
                    "required": [
                        "@type"
                    ]
                },
                "then": {
                    "properties": {
                        "@id": {
                            "format": "iri",
                            "type": "string"
                        },
                        "@type": {
                            "enum": [
                                "https://openminds.ebrains.eu/core/Funding"
                            ],
                            "format": "iri",
                            "type": "string"
                        }
                    },
                    "required": [
                        "@id"
                    ]
                }
            },
            "minItems": 1,
            "title": "funding",
            "type": "array",
            "uniqueItems": true
        },
        "https://openminds.ebrains.eu/vocab/homepage": {
            "_instruction": "Add the uniform resource locator (URL) to the homepage of this research product version.",
            "description": "Main website of something or someone.",
            "else": {
                "properties": {
                    "@id": {
                        "format": "iri",
                        "type": "string"
                    }
                },
                "required": [
                    "@id"
                ]
            },
            "if": {
                "required": [
                    "@type"
                ]
            },
            "then": {
                "properties": {
                    "@id": {
                        "format": "iri",
                        "type": "string"
                    },
                    "@type": {
                        "enum": [
                            "https://openminds.ebrains.eu/core/URL"
                        ],
                        "format": "iri",
                        "type": "string"
                    }
                },
                "required": [
                    "@id"
                ]
            },
            "title": "homepage",
            "type": "object"
        },
        "https://openminds.ebrains.eu/vocab/howToCite": {
            "_instruction": "Enter the preferred citation text for this research product version. Leave blank if citation text can be extracted from the assigned digital identifier.",
            "description": "Preferred format for citing a particular object or legal person.",
            "title": "howToCite",
            "type": "string"
        },
        "https://openminds.ebrains.eu/vocab/isAlternativeVersionOf": {
            "_instruction": "Add all (meta)data model versions that can be used alternatively to this (meta)data model version.",
            "description": "Reference to an original form where the essence was preserved, but presented in an alternative form.",
            "items": {
                "else": {
                    "properties": {
                        "@id": {
                            "format": "iri",
                            "type": "string"
                        }
                    },
                    "required": [
                        "@id"
                    ]
                },
                "if": {
                    "required": [
                        "@type"
                    ]
                },
                "then": {
                    "properties": {
                        "@id": {
                            "format": "iri",
                            "type": "string"
                        },
                        "@type": {
                            "enum": [
                                "https://openminds.ebrains.eu/core/MetaDataModelVersion"
                            ],
                            "format": "iri",
                            "type": "string"
                        }
                    },
                    "required": [
                        "@id"
                    ]
                }
            },
            "minItems": 1,
            "title": "isAlternativeVersionOf",
            "type": "array",
            "uniqueItems": true
        },
        "https://openminds.ebrains.eu/vocab/isNewVersionOf": {
            "_instruction": "Add the dataset version preceding this (meta)data model version.",
            "description": "Reference to a previous (potentially outdated) particular form of something.",
            "else": {
                "properties": {
                    "@id": {
                        "format": "iri",
                        "type": "string"
                    }
                },
                "required": [
                    "@id"
                ]
            },
            "if": {
                "required": [
                    "@type"
                ]
            },
            "then": {
                "properties": {
                    "@id": {
                        "format": "iri",
                        "type": "string"
                    },
                    "@type": {
                        "enum": [
                            "https://openminds.ebrains.eu/core/MetaDataModelVersion"
                        ],
                        "format": "iri",
                        "type": "string"
                    }
                },
                "required": [
                    "@id"
                ]
            },
            "title": "isNewVersionOf",
            "type": "object"
        },
        "https://openminds.ebrains.eu/vocab/keyword": {
            "_instruction": "Enter custom keywords to this research product version.",
            "description": "Significant word or concept that are representative of something or someone.",
            "items": {
                "type": "string"
            },
            "maxItems": 5,
            "minItems": 1,
            "title": "keyword",
            "type": "array",
            "uniqueItems": true
        },
        "https://openminds.ebrains.eu/vocab/license": {
            "_instruction": "Add the license for this (meta)data model version.",
            "description": "Grant by a party to another party as an element of an agreement between those parties that permits to do, use, or own something.",
            "else": {
                "properties": {
                    "@id": {
                        "format": "iri",
                        "type": "string"
                    }
                },
                "required": [
                    "@id"
                ]
            },
            "if": {
                "required": [
                    "@type"
                ]
            },
            "then": {
                "properties": {
                    "@id": {
                        "format": "iri",
                        "type": "string"
                    },
                    "@type": {
                        "enum": [
                            "https://openminds.ebrains.eu/core/License"
                        ],
                        "format": "iri",
                        "type": "string"
                    }
                },
                "required": [
                    "@id"
                ]
            },
            "title": "license",
            "type": "object"
        },
        "https://openminds.ebrains.eu/vocab/otherContribution": {
            "_type": "https://openminds.ebrains.eu/core/Contribution",
            "description": "Structured information on the contribution made to a research product.",
            "properties": {
                "contributionType": {
                    "_instruction": "Add one or several type of contributions made by the stated contributor.",
                    "_linkedTypes": [
                        "https://openminds.ebrains.eu/controlledTerms/ContributionType"
                    ],
                    "description": "Distinct class of what was given or supplied as a part or share.",
                    "minItems": 1,
                    "title": "contributionType",
                    "type": "array",
                    "uniqueItems": true
                },
                "contributor": {
                    "_instruction": "Add the contributing person or organization.",
                    "_linkedTypes": [
                        "https://openminds.ebrains.eu/core/Organization",
                        "https://openminds.ebrains.eu/core/Person"
                    ],
                    "description": "Legal person that gave or supplied something as a part or share.",
                    "title": "contributor"
                }
            },
            "required": [
                "contributionType",
                "contributor"
            ],
            "type": "object"
        },
        "https://openminds.ebrains.eu/vocab/relatedPublication": {
            "_instruction": "Add further publications besides the documentation (e.g. an original research article) providing the original context for the production of this research product version.",
            "description": "Reference to something that was made available for the general public to see or buy.",
            "items": {
                "else": {
                    "properties": {
                        "@id": {
                            "format": "iri",
                            "type": "string"
                        }
                    },
                    "required": [
                        "@id"
                    ]
                },
                "if": {
                    "required": [
                        "@type"
                    ]
                },
                "then": {
                    "properties": {
                        "@id": {
                            "format": "iri",
                            "type": "string"
                        },
                        "@type": {
                            "enum": [
                                "https://openminds.ebrains.eu/core/DOI",
                                "https://openminds.ebrains.eu/core/ISBN"
                            ],
                            "format": "iri",
                            "type": "string"
                        }
                    },
                    "required": [
                        "@id"
                    ]
                }
            },
            "minItems": 1,
            "title": "relatedPublication",
            "type": "array",
            "uniqueItems": true
        },
        "https://openminds.ebrains.eu/vocab/releaseDate": {
            "_instruction": "Enter the date (actual or intended) of the first broadcast/publication of this research product version.",
            "description": "Fixed date on which a product is due to become or was made available for the general public to see or buy",
            "format": "date",
            "title": "releaseDate",
            "type": "string"
        },
        "https://openminds.ebrains.eu/vocab/repository": {
            "_instruction": "Add the file repository of this research product version.",
            "description": "Place, room, or container where something is deposited or stored.",
            "else": {
                "properties": {
                    "@id": {
                        "format": "iri",
                        "type": "string"
                    }
                },
                "required": [
                    "@id"
                ]
            },
            "if": {
                "required": [
                    "@type"
                ]
            },
            "then": {
                "properties": {
                    "@id": {
                        "format": "iri",
                        "type": "string"
                    },
                    "@type": {
                        "enum": [
                            "https://openminds.ebrains.eu/core/FileRepository"
                        ],
                        "format": "iri",
                        "type": "string"
                    }
                },
                "required": [
                    "@id"
                ]
            },
            "title": "repository",
            "type": "object"
        },
        "https://openminds.ebrains.eu/vocab/serializationFormat": {
            "_instruction": "Add all content types in which (meta)data compliant with this (meta)data model version can be stored in.",
            "description": "Form in which a particular data structure or object state is translated to for storage.",
            "items": {
                "else": {
                    "properties": {
                        "@id": {
                            "format": "iri",
                            "type": "string"
                        }
                    },
                    "required": [
                        "@id"
                    ]
                },
                "if": {
                    "required": [
                        "@type"
                    ]
                },
                "then": {
                    "properties": {
                        "@id": {
                            "format": "iri",
                            "type": "string"
                        },
                        "@type": {
                            "enum": [
                                "https://openminds.ebrains.eu/core/ContentType"
                            ],
                            "format": "iri",
                            "type": "string"
                        }
                    },
                    "required": [
                        "@id"
                    ]
                }
            },
            "minItems": 1,
            "title": "serializationFormat",
            "type": "array",
            "uniqueItems": true
        },
        "https://openminds.ebrains.eu/vocab/shortName": {
            "_instruction": "Enter a short name (alias) for this research product version (max. 30 characters, no space).",
            "description": "Shortened or fully abbreviated name of something or somebody.",
            "maxLength": 30,
            "title": "shortName",
            "type": "string"
        },
        "https://openminds.ebrains.eu/vocab/specificationFormat": {
            "_instruction": "Add all content types in which the schemas of this (meta)data model version are stored in.",
            "description": "Form in which a particular data structure or object state is specified in.",
            "items": {
                "else": {
                    "properties": {
                        "@id": {
                            "format": "iri",
                            "type": "string"
                        }
                    },
                    "required": [
                        "@id"
                    ]
                },
                "if": {
                    "required": [
                        "@type"
                    ]
                },
                "then": {
                    "properties": {
                        "@id": {
                            "format": "iri",
                            "type": "string"
                        },
                        "@type": {
                            "enum": [
                                "https://openminds.ebrains.eu/core/ContentType"
                            ],
                            "format": "iri",
                            "type": "string"
                        }
                    },
                    "required": [
                        "@id"
                    ]
                }
            },
            "minItems": 1,
            "title": "specificationFormat",
            "type": "array",
            "uniqueItems": true
        },
        "https://openminds.ebrains.eu/vocab/supportChannel": {
            "_instruction": "Enter all channels through which a user can receive support for handling this research product.",
            "description": "Way of communication used to interact with users or customers.",
            "items": {
                "_formats": [
                    "email",
                    "iri"
                ],
                "type": "string"
            },
            "minItems": 1,
            "title": "supportChannel",
            "type": "array",
            "uniqueItems": true
        },
        "https://openminds.ebrains.eu/vocab/type": {
            "_instruction": "Add the type of this (meta)data model version.",
            "description": "Distinct class to which a group of entities or concepts with similar characteristics or attributes belong to.",
            "else": {
                "properties": {
                    "@id": {
                        "format": "iri",
                        "type": "string"
                    }
                },
                "required": [
                    "@id"
                ]
            },
            "if": {
                "required": [
                    "@type"
                ]
            },
            "then": {
                "properties": {
                    "@id": {
                        "format": "iri",
                        "type": "string"
                    },
                    "@type": {
                        "enum": [
                            "https://openminds.ebrains.eu/controlledTerms/MetaDataModelType"
                        ],
                        "format": "iri",
                        "type": "string"
                    }
                },
                "required": [
                    "@id"
                ]
            },
            "title": "type",
            "type": "object"
        },
        "https://openminds.ebrains.eu/vocab/versionIdentifier": {
            "_instruction": "Enter the version identifier of this research product version.",
            "description": "Term or code used to identify the version of something.",
            "title": "versionIdentifier",
            "type": "string"
        },
        "https://openminds.ebrains.eu/vocab/versionInnovation": {
            "_instruction": "Enter a summary/description of the novelties/peculiarities of this research product version in comparison to other versions of it's research product. If this research product version is the first released version, you can enter the following disclaimer 'This is the first version of this research product.'",
            "description": "Documentation on what changed in comparison to a previously published form of something.",
            "title": "versionInnovation",
            "type": "string"
        }
    },
    "required": [
        "https://openminds.ebrains.eu/vocab/versionIdentifier",
        "https://openminds.ebrains.eu/vocab/shortName",
        "https://openminds.ebrains.eu/vocab/license",
        "@id",
        "https://openminds.ebrains.eu/vocab/fullDocumentation",
        "https://openminds.ebrains.eu/vocab/type",
        "https://openminds.ebrains.eu/vocab/versionInnovation",
        "https://openminds.ebrains.eu/vocab/releaseDate",
        "https://openminds.ebrains.eu/vocab/accessibility",
        "@type"
    ],
    "type": "object"
}