{
    "$id": "https://openminds.ebrains.eu/sands/customCoordinateSpace?format=json-schema",
    "$schema": "http://json-schema.org/draft-07/schema#",
    "_type": "https://openminds.ebrains.eu/sands/CustomCoordinateSpace",
    "properties": {
        "@id": {
            "description": "Metadata node identifier.",
            "type": "string"
        },
        "@type": {
            "const": "https://openminds.ebrains.eu/sands/CustomCoordinateSpace",
            "type": "string"
        },
        "anatomicalAxesOrientation": {
            "_instruction": "Add the axes orientation denoted in standard anatomical terms of direction (stated as XYZ) for this custom coordinate space.",
            "else": {
                "properties": {
                    "@id": {
                        "format": "iri",
                        "type": "string"
                    }
                },
                "required": [
                    "@id"
                ]
            },
            "if": {
                "required": [
                    "@type"
                ]
            },
            "then": {
                "properties": {
                    "@id": {
                        "format": "iri",
                        "type": "string"
                    },
                    "@type": {
                        "enum": [
                            "https://openminds.ebrains.eu/controlledTerms/AnatomicalAxesOrientation"
                        ],
                        "format": "iri",
                        "type": "string"
                    }
                },
                "required": [
                    "@id"
                ]
            },
            "title": "Anatomical axes orientation",
            "type": "object"
        },
        "axesOrigin": {
            "_type": "https://openminds.ebrains.eu/core/QuantitativeValue",
            "description": "Structured information on a quanitative value.",
            "properties": {
                "typeOfUncertainty": {
                    "_instruction": "Add the type of uncertainty used for this quantitative value.",
                    "_linkedTypes": [
                        "https://openminds.ebrains.eu/controlledTerms/TypeOfUncertainty"
                    ],
                    "title": "Type of uncertainty"
                },
                "uncertainty": {
                    "_instruction": "Enter the measurement uncertainty of this quantitative value.",
                    "items": {
                        "type": "number"
                    },
                    "maxItems": 2,
                    "minItems": 2,
                    "title": "Uncertainty",
                    "type": "array"
                },
                "unit": {
                    "_instruction": "Add the unit of measurement of this quantitative value.",
                    "_linkedTypes": [
                        "https://openminds.ebrains.eu/controlledTerms/UnitOfMeasurement"
                    ],
                    "title": "Unit"
                },
                "value": {
                    "_instruction": "Enter the measurement value of this quantitative value.",
                    "title": "Value",
                    "type": "number"
                }
            },
            "required": [
                "value"
            ],
            "title": "Quantitative value",
            "type": "object"
        },
        "defaultImage": {
            "_instruction": "Add one or several image files used as visual representation of this custom coordinate space.",
            "items": {
                "else": {
                    "properties": {
                        "@id": {
                            "format": "iri",
                            "type": "string"
                        }
                    },
                    "required": [
                        "@id"
                    ]
                },
                "if": {
                    "required": [
                        "@type"
                    ]
                },
                "then": {
                    "properties": {
                        "@id": {
                            "format": "iri",
                            "type": "string"
                        },
                        "@type": {
                            "enum": [
                                "https://openminds.ebrains.eu/core/File"
                            ],
                            "format": "iri",
                            "type": "string"
                        }
                    },
                    "required": [
                        "@id"
                    ]
                }
            },
            "minItems": 1,
            "title": "Default image",
            "type": "array",
            "uniqueItems": true
        },
        "name": {
            "_instruction": "Enter a descriptive name for this custom coordinate space.",
            "title": "Name",
            "type": "string"
        },
        "nativeUnit": {
            "_instruction": "Add the native unit that is used for this custom coordinate space.",
            "else": {
                "properties": {
                    "@id": {
                        "format": "iri",
                        "type": "string"
                    }
                },
                "required": [
                    "@id"
                ]
            },
            "if": {
                "required": [
                    "@type"
                ]
            },
            "then": {
                "properties": {
                    "@id": {
                        "format": "iri",
                        "type": "string"
                    },
                    "@type": {
                        "enum": [
                            "https://openminds.ebrains.eu/controlledTerms/UnitOfMeasurement"
                        ],
                        "format": "iri",
                        "type": "string"
                    }
                },
                "required": [
                    "@id"
                ]
            },
            "title": "Native unit",
            "type": "object"
        }
    },
    "required": [
        "nativeUnit",
        "@type",
        "anatomicalAxesOrientation",
        "name",
        "@id",
        "axesOrigin"
    ],
    "title": "Custom coordinate space",
    "type": "object"
}