{
    "_type": "https://openminds.ebrains.eu/sands/BrainAtlas",
    "required": [
        "hasTerminology",
        "description",
        "author",
        "hasVersion",
        "shortName",
        "fullName"
    ],
    "properties": {
        "abbreviation": {
            "type": "string",
            "_instruction": "Enter the official abbreviation of this brain atlas.",
            "title": "abbreviation"
        },
        "author": {
            "type": "array",
            "minItems": 1,
            "uniqueItems": true,
            "_instruction": "Add one or several authors (person or organization) that contributed to the production and publication of this brain atlas.",
            "_linkedTypes": [
                "https://openminds.ebrains.eu/core/Organization",
                "https://openminds.ebrains.eu/core/Person"
            ],
            "description": "Creator of a literary or creative work, as well as a dataset publication.",
            "title": "author"
        },
        "digitalIdentifier": {
            "_instruction": "Add the globally unique and persistent digital identifier of this brain atlas.",
            "_linkedTypes": [
                "https://openminds.ebrains.eu/core/DOI",
                "https://openminds.ebrains.eu/core/ISBN",
                "https://openminds.ebrains.eu/core/RRID"
            ],
            "description": "Digital handle to identify objects or legal persons.",
            "title": "digitalIdentifier"
        },
        "hasTerminology": {
            "_instruction": "Add the parcellation terminology for this brain atlas.",
            "_embeddedTypes": [
                "https://openminds.ebrains.eu/sands/ParcellationTerminology"
            ],
            "title": "hasTerminology"
        },
        "hasVersion": {
            "type": "array",
            "minItems": 1,
            "uniqueItems": true,
            "_instruction": "Add one or several brain atlas versions that belong to this brain atlas.",
            "_linkedTypes": [
                "https://openminds.ebrains.eu/sands/BrainAtlasVersion"
            ],
            "description": "Reference to variants of an original.",
            "title": "hasVersion"
        },
        "custodian": {
            "type": "array",
            "minItems": 1,
            "uniqueItems": true,
            "_instruction": "Add one or several person(s) or organization(s) that fulfills the role of a custodian. The role of the custodian is typically fulfilled by a research group leader or principal investigator, but could also be carried out by an organization. Custodians are typically the main contact in case of misconduct, obtain permission from the contributors to publish personal information, and maintain the content and quality of the data, metadata, and/or code of a research product. Unless specified differently, this custodian will be responsible for all attached research product versions.",
            "_linkedTypes": [
                "https://openminds.ebrains.eu/core/Organization",
                "https://openminds.ebrains.eu/core/Person"
            ],
            "description": "The 'custodian' is a legal person who is responsible for the content and quality of the data, metadata, and/or code of a research product.",
            "title": "custodian"
        },
        "description": {
            "type": "string",
            "maxLength": 2000,
            "_instruction": "Enter a description (abstract) for this research product (max. 2000 characters, incl. spaces; no references). Note that this description should be fitting for all attached research product versions.",
            "description": "Longer statement or account giving the characteristics of someone or something.",
            "title": "description"
        },
        "fullName": {
            "type": "string",
            "_instruction": "Enter a descriptive full name (title) for this research product.  Note that this full name should be fitting for all attached research product versions.",
            "description": "Whole, non-abbreviated name of something or somebody.",
            "title": "fullName"
        },
        "homepage": {
            "_instruction": "Add the uniform resource locator (URL) to the homepage of this research product.",
            "_linkedTypes": [
                "https://openminds.ebrains.eu/core/URL"
            ],
            "description": "Main website of something or someone.",
            "title": "homepage"
        },
        "howToCite": {
            "type": "string",
            "_instruction": "Enter the preferred citation text for this research product. Leave blank if citation text can be extracted from the assigned digital identifier.",
            "description": "Preferred format for citing a particular object or legal person.",
            "title": "howToCite"
        },
        "shortName": {
            "type": "string",
            "maxLength": 30,
            "_instruction": "Enter a short name (alias) for this research product (max. 30 characters; no space).",
            "description": "Shortened or fully abbreviated name of something or somebody.",
            "title": "shortName"
        }
    },
    "_categories": [
        "researchProduct"
    ],
    "description": "Structured information on a brain atlas (concept level)."
}