{
    "_type": "https://openminds.ebrains.eu/sands/BrainAtlasVersion",
    "required": [
        "license",
        "hasTerminologyVersion",
        "coordinateSpace",
        "versionInnovation",
        "releaseDate",
        "fullDocumentation",
        "accessibility",
        "shortName",
        "versionIdentifier"
    ],
    "properties": {
        "abbreviation": {
            "type": "string",
            "_instruction": "Enter the official abbreviation of this brain atlas version.",
            "title": "abbreviation"
        },
        "atlasType": {
            "_instruction": "Add the type of this brain atlas version.",
            "_linkedTypes": [
                "https://openminds.ebrains.eu/controlledTerms/AtlasType"
            ],
            "title": "atlasType"
        },
        "author": {
            "type": "array",
            "minItems": 1,
            "uniqueItems": true,
            "_instruction": "If necessary, add one or several authors (person or organization) that contributed to the production and publication of this brain atlas version. Note that these authors will overwrite the once provided in the brain atlas product this version belongs to.",
            "_linkedTypes": [
                "https://openminds.ebrains.eu/core/Organization",
                "https://openminds.ebrains.eu/core/Person"
            ],
            "description": "Creator of a literary or creative work, as well as a dataset publication.",
            "title": "author"
        },
        "coordinateSpace": {
            "_instruction": "Add the common coordinate space in which this brain atlas version exists in.",
            "_linkedTypes": [
                "https://openminds.ebrains.eu/sands/CommonCoordinateSpace"
            ],
            "description": "Two or three dimensional geometric setting.",
            "title": "coordinateSpace"
        },
        "digitalIdentifier": {
            "_instruction": "Add the globally unique and persistent digital identifier of this brain atlas version.",
            "_linkedTypes": [
                "https://openminds.ebrains.eu/core/DOI",
                "https://openminds.ebrains.eu/core/ISBN",
                "https://openminds.ebrains.eu/core/RRID"
            ],
            "description": "Digital handle to identify objects or legal persons.",
            "title": "digitalIdentifier"
        },
        "hasTerminologyVersion": {
            "_instruction": "Add the parcellation terminology version for this brain atlas version.",
            "_embeddedTypes": [
                "https://openminds.ebrains.eu/sands/ParcellationTerminologyVersion"
            ],
            "title": "hasTerminologyVersion"
        },
        "isAlternativeVersionOf": {
            "type": "array",
            "minItems": 1,
            "uniqueItems": true,
            "_instruction": "Add one or several alternative versions to this brain atlas version.",
            "_linkedTypes": [
                "https://openminds.ebrains.eu/sands/BrainAtlasVersion"
            ],
            "description": "Reference to an original form where the essence was preserved, but presented in an alternative form.",
            "title": "isAlternativeVersionOf"
        },
        "isNewVersionOf": {
            "_instruction": "Add the earlier version of this brain atlas version.",
            "_linkedTypes": [
                "https://openminds.ebrains.eu/sands/BrainAtlasVersion"
            ],
            "description": "Reference to a previous (potentially outdated) particular form of something.",
            "title": "isNewVersionOf"
        },
        "license": {
            "_instruction": "Add the license for this brain atlas version.",
            "_linkedTypes": [
                "https://openminds.ebrains.eu/core/License"
            ],
            "description": "Grant by a party to another party as an element of an agreement between those parties that permits to do, use, or own something.",
            "title": "license"
        },
        "ontologyIdentifier": {
            "type": "array",
            "minItems": 1,
            "uniqueItems": true,
            "_instruction": "Enter the identifier(s) (IRI) of the related ontological term(s) matching this brain atlas version.",
            "items": {
                "_formats": [
                    "iri"
                ],
                "type": "string"
            },
            "description": "Term or code used to identify something or someone registered within a particular ontology.",
            "title": "ontologyIdentifier"
        },
        "accessibility": {
            "_instruction": "Add the accessibility of the data for this research product version.",
            "_linkedTypes": [
                "https://openminds.ebrains.eu/controlledTerms/ProductAccessibility"
            ],
            "description": "Level to which something is accessible to someone or something.",
            "title": "accessibility"
        },
        "copyright": {
            "_instruction": "Add the copyright information of this research product version.",
            "_embeddedTypes": [
                "https://openminds.ebrains.eu/core/Copyright"
            ],
            "description": "Exclusive and assignable legal right of an originator to reproduce, publish, sell, or distribute the matter and form of a creative work for a defined time period.",
            "title": "copyright"
        },
        "custodian": {
            "type": "array",
            "minItems": 1,
            "uniqueItems": true,
            "_instruction": "Add one or several person(s) or organization(s) that fulfills the role of a custodian. The role of the custodian is typically fulfilled by a research group leader or principal investigator, but could also be carried out by an organization. Custodians are typically the main contact in case of misconduct, obtain permission from the contributors to publish personal information, and maintain the content and quality of the data, metadata, and/or code of a research product.",
            "_linkedTypes": [
                "https://openminds.ebrains.eu/core/Organization",
                "https://openminds.ebrains.eu/core/Person"
            ],
            "description": "The 'custodian' is a legal person who is responsible for the content and quality of the data, metadata, and/or code of a research product.",
            "title": "custodian"
        },
        "description": {
            "type": "string",
            "maxLength": 2000,
            "_instruction": "If necessary, enter a version specific description (abstract) for this research product version (max. 2000 characters, incl. spaces; no references). If left blank, the research product version will inherit the 'description' of it's corresponding research product.",
            "description": "Longer statement or account giving the characteristics of someone or something.",
            "title": "description"
        },
        "fullDocumentation": {
            "_instruction": "Add the DOI, file or URL that points to a full documentation of this research product version.",
            "_linkedTypes": [
                "https://openminds.ebrains.eu/core/DOI",
                "https://openminds.ebrains.eu/core/File",
                "https://openminds.ebrains.eu/core/URL"
            ],
            "description": "Non-abridged instructions, comments, and information for using a particular product.",
            "title": "fullDocumentation"
        },
        "fullName": {
            "type": "string",
            "_instruction": "If necessary, enter a version specific descriptive full name (title) for this research product version. If left blank, the research product version will inherit the 'fullName' of it's corresponding research product.",
            "description": "Whole, non-abbreviated name of something or somebody.",
            "title": "fullName"
        },
        "funding": {
            "type": "array",
            "minItems": 1,
            "uniqueItems": true,
            "_instruction": "Add all funding information of this research product version.",
            "_linkedTypes": [
                "https://openminds.ebrains.eu/core/Funding"
            ],
            "description": "Money provided by a legal person for a particular purpose.",
            "title": "funding"
        },
        "homepage": {
            "_instruction": "Add the uniform resource locator (URL) to the homepage of this research product version.",
            "_linkedTypes": [
                "https://openminds.ebrains.eu/core/URL"
            ],
            "description": "Main website of something or someone.",
            "title": "homepage"
        },
        "howToCite": {
            "type": "string",
            "_instruction": "Enter the preferred citation text for this research product version. Leave blank if citation text can be extracted from the assigned digital identifier.",
            "description": "Preferred format for citing a particular object or legal person.",
            "title": "howToCite"
        },
        "keyword": {
            "type": "array",
            "maxItems": 5,
            "minItems": 1,
            "uniqueItems": true,
            "_instruction": "Add controlled or suggest new terms as keywords to this research product version.",
            "_linkedTypes": [
                "https://openminds.ebrains.eu/controlledTerms/BreedingType",
                "https://openminds.ebrains.eu/controlledTerms/EthicsAssessment",
                "https://openminds.ebrains.eu/controlledTerms/Technique",
                "https://openminds.ebrains.eu/controlledTerms/OperatingDevice",
                "https://openminds.ebrains.eu/controlledTerms/MeasuredQuantity",
                "https://openminds.ebrains.eu/controlledTerms/Species",
                "https://openminds.ebrains.eu/controlledTerms/PatchClampVariation",
                "https://openminds.ebrains.eu/controlledTerms/GeneticStrainType",
                "https://openminds.ebrains.eu/controlledTerms/SoftwareApplicationCategory",
                "https://openminds.ebrains.eu/controlledTerms/TissueSampleType",
                "https://openminds.ebrains.eu/controlledTerms/Laterality",
                "https://openminds.ebrains.eu/controlledTerms/FileUsageRole",
                "https://openminds.ebrains.eu/controlledTerms/BiologicalSex",
                "https://openminds.ebrains.eu/controlledTerms/CellCultureType",
                "https://openminds.ebrains.eu/controlledTerms/Terminology",
                "https://openminds.ebrains.eu/controlledTerms/OperatingSystem",
                "https://openminds.ebrains.eu/controlledTerms/MolecularEntity",
                "https://openminds.ebrains.eu/controlledTerms/ProductAccessibility",
                "https://openminds.ebrains.eu/controlledTerms/Handedness",
                "https://openminds.ebrains.eu/controlledTerms/AtlasType",
                "https://openminds.ebrains.eu/controlledTerms/SemanticDataType",
                "https://openminds.ebrains.eu/controlledTerms/CellType",
                "https://openminds.ebrains.eu/controlledTerms/Service",
                "https://openminds.ebrains.eu/controlledTerms/ExperimentalApproach",
                "https://openminds.ebrains.eu/controlledTerms/DataType",
                "https://openminds.ebrains.eu/controlledTerms/TermSuggestion",
                "https://openminds.ebrains.eu/controlledTerms/TypeOfUncertainty",
                "https://openminds.ebrains.eu/controlledTerms/CranialWindowType",
                "https://openminds.ebrains.eu/controlledTerms/MetaDataModelType",
                "https://openminds.ebrains.eu/controlledTerms/StimulusType",
                "https://openminds.ebrains.eu/controlledTerms/AnatomicalPlane",
                "https://openminds.ebrains.eu/controlledTerms/FileRepositoryType",
                "https://openminds.ebrains.eu/controlledTerms/Disease",
                "https://openminds.ebrains.eu/controlledTerms/ModelAbstractionLevel",
                "https://openminds.ebrains.eu/controlledTerms/AgeCategory",
                "https://openminds.ebrains.eu/controlledTerms/ContributionType",
                "https://openminds.ebrains.eu/controlledTerms/SubjectAttribute",
                "https://openminds.ebrains.eu/controlledTerms/AnatomicalAxesOrientation",
                "https://openminds.ebrains.eu/controlledTerms/PreparationType",
                "https://openminds.ebrains.eu/controlledTerms/StimulationApproach",
                "https://openminds.ebrains.eu/controlledTerms/Language",
                "https://openminds.ebrains.eu/controlledTerms/QualitativeOverlap",
                "https://openminds.ebrains.eu/controlledTerms/DeviceType",
                "https://openminds.ebrains.eu/controlledTerms/DiseaseModel",
                "https://openminds.ebrains.eu/controlledTerms/ModelScope",
                "https://openminds.ebrains.eu/controlledTerms/SoftwareFeature",
                "https://openminds.ebrains.eu/controlledTerms/ProgrammingLanguage",
                "https://openminds.ebrains.eu/controlledTerms/UnitOfMeasurement",
                "https://openminds.ebrains.eu/controlledTerms/CriteriaQualityType",
                "https://openminds.ebrains.eu/controlledTerms/UBERONParcellation",
                "https://openminds.ebrains.eu/controlledTerms/TissueSampleAttribute",
                "https://openminds.ebrains.eu/controlledTerms/FileBundleGrouping",
                "https://openminds.ebrains.eu/controlledTerms/ActionStatusType",
                "https://openminds.ebrains.eu/controlledTerms/BiologicalOrder",
                "https://openminds.ebrains.eu/controlledTerms/Organ"
            ],
            "description": "Significant word or concept that are representative of something or someone.",
            "title": "keyword"
        },
        "otherContribution": {
            "type": "array",
            "minItems": 1,
            "uniqueItems": true,
            "_instruction": "Add the contributions for each involved person or organization going beyond being an author, custodian or developer of this research product version.",
            "_embeddedTypes": [
                "https://openminds.ebrains.eu/core/Contribution"
            ],
            "description": "Giving or supplying of something (such as money or time) as a part or share other than what is covered elsewhere.",
            "title": "otherContribution"
        },
        "relatedPublication": {
            "type": "array",
            "minItems": 1,
            "uniqueItems": true,
            "_instruction": "Add further publications besides the documentation (e.g. an original research article) providing the original context for the production of this research product version.",
            "_linkedTypes": [
                "https://openminds.ebrains.eu/core/DOI",
                "https://openminds.ebrains.eu/core/ISBN"
            ],
            "description": "Reference to something that was made available for the general public to see or buy.",
            "title": "relatedPublication"
        },
        "releaseDate": {
            "_formats": [
                "date"
            ],
            "type": "string",
            "_instruction": "Enter the date (actual or intended) of the first broadcast/publication of this research product version.",
            "description": "Fixed date on which a product is due to become or was made available for the general public to see or buy",
            "title": "releaseDate"
        },
        "repository": {
            "_instruction": "Add the file repository of this research product version.",
            "_linkedTypes": [
                "https://openminds.ebrains.eu/core/FileRepository"
            ],
            "description": "Place, room, or container where something is deposited or stored.",
            "title": "repository"
        },
        "shortName": {
            "type": "string",
            "maxLength": 30,
            "_instruction": "Enter a short name (alias) for this research product version that could be used as a shortened title for visualization in cases where there is only little space for display.",
            "description": "Shortened or fully abbreviated name of something or somebody.",
            "title": "shortName"
        },
        "supportChannel": {
            "type": "array",
            "minItems": 1,
            "uniqueItems": true,
            "_instruction": "Enter all channels through which a user can receive support for handling this research product.",
            "items": {
                "_formats": [
                    "email",
                    "iri"
                ],
                "type": "string"
            },
            "description": "Way of communication used to interact with users or customers.",
            "title": "supportChannel"
        },
        "versionIdentifier": {
            "type": "string",
            "_instruction": "Enter the version identifier of this research product version.",
            "description": "Term or code used to identify the version of something.",
            "title": "versionIdentifier"
        },
        "versionInnovation": {
            "type": "string",
            "_instruction": "Enter a summary/description of the novelties/peculiarities of this research product version in comparison to other versions of it's research product. If this research product version is the first released version, you can enter the following disclaimer 'This is the first version of this research product.'",
            "description": "Documentation on what changed in comparison to a previously published form of something.",
            "title": "versionInnovation"
        }
    },
    "_categories": [
        "researchProduct"
    ],
    "description": "Structured information on a brain atlas (version level)."
}