{
    "$id": "https://openminds.ebrains.eu/core/iSBN?format=json-schema",
    "$schema": "http://json-schema.org/draft-07/schema#",
    "_categories": [
        "publicationReference"
    ],
    "_type": "https://openminds.ebrains.eu/core/ISBN",
    "description": "An International Standard Book Number of the International ISBN Agency.",
    "properties": {
        "@id": {
            "description": "Metadata node identifier.",
            "type": "string"
        },
        "@type": {
            "const": "https://openminds.ebrains.eu/core/ISBN",
            "type": "string"
        },
        "https://openminds.ebrains.eu/vocab/identifier": {
            "_instruction": "Enter the numeric commercial book identifier 'International Standard Book Number' (ISBN) following the defined pattern (e.g., 123-4-567-89012-3 (13-digit ISBN) or 4-567-89012-3 (10-digit ISBN)).",
            "description": "Term or code used to identify something or someone.",
            "pattern": "^([0-9]{3}-|)[0-9]{1}-[0-9]{3}-[0-9]{5}-[0-9]{1}$",
            "title": "identifier",
            "type": "string"
        }
    },
    "required": [
        "@type",
        "@id",
        "https://openminds.ebrains.eu/vocab/identifier"
    ],
    "type": "object"
}