{
    "_type": "https://openminds.ebrains.eu/sands/CustomAnnotation",
    "required": [
        "criteriaType",
        "type",
        "criteriaQualityType",
        "coordinateSpace"
    ],
    "properties": {
        "coordinateSpace": {
            "_instruction": "Add the coordinate space for this custom annotation.",
            "_linkedTypes": [
                "https://openminds.ebrains.eu/sands/CommonCoordinateSpaceVersion",
                "https://openminds.ebrains.eu/sands/CustomCoordinateSpace"
            ],
            "description": "Two or three dimensional geometric setting.",
            "title": "coordinateSpace"
        },
        "specification": {
            "_instruction": "Add the non-parametric or parametric specification of this annotation.",
            "_linkedTypes": [
                "https://openminds.ebrains.eu/core/File",
                "https://openminds.ebrains.eu/core/PropertyValueList"
            ],
            "description": "Detailed and precise presentation of, or proposal for something.",
            "title": "specification"
        },
        "anchorPoint": {
            "type": "array",
            "minItems": 2,
            "maxItems": 3,
            "_instruction": "Enter the coordinates of the anchor point for this annotation (e.g., its centroid in two dimensional space as [x, y] or in three dimensional space as [x, y, z]).",
            "_embeddedTypes": [
                "https://openminds.ebrains.eu/core/QuantitativeValue"
            ],
            "title": "anchorPoint"
        },
        "criteria": {
            "_instruction": "Add the protocol execution defining the criteria that were applied to produce this annotation.",
            "_linkedTypes": [
                "https://openminds.ebrains.eu/core/ProtocolExecution"
            ],
            "description": "Aspects or standards on which a judgement or decision is based.",
            "title": "criteria"
        },
        "criteriaQualityType": {
            "_instruction": "Add the quality type of the stated criteria used to define this annotation.",
            "_linkedTypes": [
                "https://openminds.ebrains.eu/controlledTerms/CriteriaQualityType"
            ],
            "description": "Distinct class that defines how the judgement or decision was made for a particular criteria.",
            "title": "criteriaQualityType"
        },
        "criteriaType": {
            "_instruction": "Add the criteria type for this annotation.",
            "_linkedTypes": [
                "https://openminds.ebrains.eu/controlledTerms/AnnotationCriteriaType"
            ],
            "title": "criteriaType"
        },
        "inspiredBy": {
            "type": "array",
            "minItems": 1,
            "uniqueItems": true,
            "_instruction": "Add all (source) files that inspired the definition of this annotation.",
            "_linkedTypes": [
                "https://openminds.ebrains.eu/core/File"
            ],
            "description": "Reference to an inspiring element.",
            "title": "inspiredBy"
        },
        "internalIdentifier": {
            "type": "string",
            "_instruction": "Enter the identifier (or label) of this annotation that is used within the corresponding data files to identify this annotation.",
            "description": "Term or code that identifies someone or something within a particular product.",
            "title": "internalIdentifier"
        },
        "laterality": {
            "type": "array",
            "minItems": 1,
            "maxItems": 2,
            "uniqueItems": true,
            "_instruction": "Add one or both sides of the body, bilateral organ or bilateral organ part that this annotation is defined in.",
            "_linkedTypes": [
                "https://openminds.ebrains.eu/controlledTerms/Laterality"
            ],
            "description": "Differentiation between a pair of lateral homologous parts of the body.",
            "title": "laterality"
        },
        "preferredVisualization": {
            "_instruction": "Add the preferred viewer specification to visualize this annotation.",
            "_embeddedTypes": [
                "https://openminds.ebrains.eu/sands/ViewerSpecification"
            ],
            "title": "preferredVisualization"
        },
        "type": {
            "_instruction": "Add the geometry type of this annotation.",
            "_linkedTypes": [
                "https://openminds.ebrains.eu/controlledTerms/AnnotationType"
            ],
            "description": "Distinct class to which a group of entities or concepts with similar characteristics or attributes belong to.",
            "title": "type"
        }
    },
    "_deprecated": true
}