{
    "_type": "https://openminds.ebrains.eu/core/ProtocolExecution",
    "required": [
        "isPartOf",
        "output",
        "protocol",
        "input"
    ],
    "properties": {
        "behavioralTask": {
            "type": "array",
            "minItems": 1,
            "uniqueItems": true,
            "_instruction": "Add all behavioral tasks that were performed during this protocol execution.",
            "_linkedTypes": [
                "https://openminds.ebrains.eu/core/BehavioralTask"
            ],
            "description": "Specific set of defined activities (or their absence) that should be performed (or avoided) by a subject.",
            "title": "behavioralTask"
        },
        "input": {
            "_linkedTypes": [
                "https://openminds.ebrains.eu/core/File",
                "https://openminds.ebrains.eu/core/FileBundle",
                "https://openminds.ebrains.eu/core/SubjectGroupState",
                "https://openminds.ebrains.eu/core/SubjectState",
                "https://openminds.ebrains.eu/core/TissueSampleCollectionState",
                "https://openminds.ebrains.eu/core/TissueSampleState"
            ],
            "type": "array",
            "minItems": 1,
            "uniqueItems": true,
            "_instruction": "Add all inputs used by this activity.",
            "description": "Something or someone that is put into or participates in a process or machine.",
            "title": "input"
        },
        "isPartOf": {
            "_instruction": "Add the dataset version in which this protocol execution was conducted.",
            "_linkedTypes": [
                "https://openminds.ebrains.eu/core/DatasetVersion"
            ],
            "description": "Reference to the ensemble of multiple things or beings.",
            "title": "isPartOf"
        },
        "output": {
            "_linkedTypes": [
                "https://openminds.ebrains.eu/core/File",
                "https://openminds.ebrains.eu/core/FileBundle",
                "https://openminds.ebrains.eu/core/SubjectGroupState",
                "https://openminds.ebrains.eu/core/SubjectState",
                "https://openminds.ebrains.eu/core/TissueSampleCollectionState",
                "https://openminds.ebrains.eu/core/TissueSampleState"
            ],
            "type": "array",
            "minItems": 1,
            "uniqueItems": true,
            "_instruction": "Add all outputs generated by this activity.",
            "description": "Something or someone that comes out of, is delivered or produced by a process or machine.",
            "title": "output"
        },
        "preparationType": {
            "_instruction": "Add the initial preparation type for this protocol execution.",
            "_linkedTypes": [
                "https://openminds.ebrains.eu/controlledTerms/PreparationType"
            ],
            "description": "Distinct class of actions or processes that make something ready for use or service.",
            "title": "preparationType"
        },
        "protocol": {
            "type": "array",
            "minItems": 1,
            "uniqueItems": true,
            "_instruction": "Add all protocols that were used in this protocol execution.",
            "_linkedTypes": [
                "https://openminds.ebrains.eu/core/Protocol"
            ],
            "description": "Plan that describes the process of a scientific or medical experiment, treatment, or procedure.",
            "title": "protocol"
        },
        "description": {
            "type": "string",
            "_instruction": "Enter a description of this activity.",
            "description": "Longer statement or account giving the characteristics of someone or something.",
            "title": "description"
        },
        "endedAtTime": {
            "type": "string",
            "_formats": [
                "date-time",
                "time"
            ],
            "_instruction": "Enter the time (e.g., '20:20:39+00:00') or datetime (e.g., '2018-11-13T20:20:39+00:00') of when the activity ended.",
            "title": "endedAtTime"
        },
        "lookupLabel": {
            "type": "string",
            "_instruction": "Enter a lookup label for this activity that may help you to more easily find it again.",
            "title": "lookupLabel"
        },
        "parameterSet": {
            "type": "array",
            "minItems": 1,
            "uniqueItems": true,
            "_instruction": "Add all important parameters grouped in context-specific sets that were used in this activity.",
            "_embeddedTypes": [
                "https://openminds.ebrains.eu/core/ParameterSet"
            ],
            "description": "Manner, position, or direction in which digital or physical properties are set to determine a particular function, characteristics or behavior of something.",
            "title": "parameterSet"
        },
        "startedAtTime": {
            "type": "string",
            "_formats": [
                "date-time",
                "time"
            ],
            "_instruction": "Enter the time (e.g., '20:20:39+00:00') or datetime (e.g., '2018-11-13T20:20:39+00:00') of when the activity started.",
            "title": "startedAtTime"
        },
        "studyTarget": {
            "type": "array",
            "minItems": 1,
            "uniqueItems": true,
            "_instruction": "Add all study targets of this activity.",
            "_linkedTypes": [
                "https://openminds.ebrains.eu/sands/AnatomicalEntity",
                "https://openminds.ebrains.eu/controlledTerms/CellType",
                "https://openminds.ebrains.eu/controlledTerms/DiseaseModel",
                "https://openminds.ebrains.eu/controlledTerms/Disease",
                "https://openminds.ebrains.eu/controlledTerms/Strain",
                "https://openminds.ebrains.eu/controlledTerms/TermSuggestion",
                "https://openminds.ebrains.eu/controlledTerms/Species",
                "https://openminds.ebrains.eu/controlledTerms/Organ",
                "https://openminds.ebrains.eu/controlledTerms/Phenotype",
                "https://openminds.ebrains.eu/controlledTerms/Handedness",
                "https://openminds.ebrains.eu/controlledTerms/BiologicalSex"
            ],
            "description": "Structure or function that was targeted within a study.",
            "title": "studyTarget"
        }
    },
    "description": "Structured information on a protocol execution."
}