{
    "$id": "https://openminds.ebrains.eu/controlledTerms/ethicsAssessment?format=json-schema",
    "$schema": "http://json-schema.org/draft-07/schema#",
    "_type": "https://openminds.ebrains.eu/controlledTerms/EthicsAssessment",
    "description": "Structured information on the ethics assessment of a dataset.",
    "properties": {
        "@id": {
            "description": "Metadata node identifier.",
            "type": "string"
        },
        "@type": {
            "const": "https://openminds.ebrains.eu/controlledTerms/EthicsAssessment",
            "type": "string"
        },
        "definition": {
            "_instruction": "Enter one sentence for defining this term.",
            "title": "Definition",
            "type": "string"
        },
        "description": {
            "_instruction": "Enter a short text describing this term.",
            "title": "Description",
            "type": "string"
        },
        "interlexIdentifier": {
            "_instruction": "Enter the internationalized resource identifier (IRI) pointing to the integrated ontology entry in the InterLex project.",
            "format": "iri",
            "title": "Interlex identifier",
            "type": "string"
        },
        "knowledgeSpaceLink": {
            "_instruction": "Enter the internationalized resource identifier (IRI) pointing to the wiki page of the corresponding term in the KnowledgeSpace.",
            "format": "iri",
            "title": "Knowledge space link",
            "type": "string"
        },
        "name": {
            "_instruction": "Controlled term originating from a defined terminology.",
            "title": "Name",
            "type": "string"
        },
        "preferredOntologyIdentifier": {
            "_instruction": "Enter the internationalized resource identifier (IRI) pointing to the preferred ontological term.",
            "format": "iri",
            "title": "Preferred ontology identifier",
            "type": "string"
        },
        "synonym": {
            "_instruction": "Enter one or several synonyms (inlcuding abbreviations) for this controlled term.",
            "items": {
                "type": "string"
            },
            "minItems": 1,
            "title": "Synonym",
            "type": "array",
            "uniqueItems": true
        }
    },
    "required": [
        "@type",
        "name",
        "@id"
    ],
    "title": "Ethics assessment",
    "type": "object"
}