{
    "$id": "https://openminds.ebrains.eu/controlledTerms/technique?format=json-schema",
    "$schema": "http://json-schema.org/draft-07/schema#",
    "_type": "https://openminds.ebrains.eu/controlledTerms/Technique",
    "description": "Structured information on the technique.",
    "properties": {
        "@id": {
            "description": "Metadata node identifier.",
            "type": "string"
        },
        "@type": {
            "const": "https://openminds.ebrains.eu/controlledTerms/Technique",
            "type": "string"
        },
        "definition": {
            "_instruction": "Enter one sentence for defining this term.",
            "description": "Short, but precise statement of the meaning of a word, word group, sign or a symbol.",
            "title": "Definition",
            "type": "string"
        },
        "description": {
            "_instruction": "Enter a short text describing this term.",
            "description": "Longer statement or account giving the characteristics of someone or something.",
            "title": "Description",
            "type": "string"
        },
        "interlexIdentifier": {
            "_instruction": "Enter the internationalized resource identifier (IRI) pointing to the integrated ontology entry in the InterLex project.",
            "format": "iri",
            "title": "Interlex identifier",
            "type": "string"
        },
        "knowledgeSpaceLink": {
            "_instruction": "Enter the internationalized resource identifier (IRI) pointing to the wiki page of the corresponding term in the KnowledgeSpace.",
            "format": "iri",
            "title": "Knowledge space link",
            "type": "string"
        },
        "name": {
            "_instruction": "Controlled term originating from a defined terminology.",
            "description": "Word or phrase that constitutes the distinctive designation of a being or thing.",
            "title": "Name",
            "type": "string"
        },
        "preferredOntologyIdentifier": {
            "_instruction": "Enter the internationalized resource identifier (IRI) pointing to the preferred ontological term.",
            "format": "iri",
            "title": "Preferred ontology identifier",
            "type": "string"
        },
        "synonym": {
            "_instruction": "Enter one or several synonyms (inlcuding abbreviations) for this controlled term.",
            "description": "Words or expressions used in the same language that have the same or nearly the same meaning in some or all senses.",
            "items": {
                "type": "string"
            },
            "minItems": 1,
            "title": "Synonym",
            "type": "array",
            "uniqueItems": true
        }
    },
    "required": [
        "@id",
        "name",
        "@type"
    ],
    "title": "Technique",
    "type": "object"
}