{
    "_type": "https://openminds.ebrains.eu/core/QuantitativeValueRange",
    "required": [
        "maxValue",
        "minValue"
    ],
    "properties": {
        "maxValue": {
            "type": "number",
            "_instruction": "Add the maximum value measured for this range.",
            "title": "Max value"
        },
        "minValue": {
            "type": "number",
            "_instruction": "Add the minimum value measured for this range.",
            "title": "Min value"
        },
        "unit": {
            "_instruction": "Add the unit of measurement of this quantitative value range.",
            "_linkedTypes": [
                "https://openminds.ebrains.eu/controlledTerms/UnitOfMeasurement"
            ],
            "title": "Unit"
        }
    },
    "title": "Quantitative value range"
}