{
    "_type": "https://openminds.ebrains.eu/core/ProtocolExecution",
    "required": [
        "input",
        "output",
        "protocol"
    ],
    "properties": {
        "description": {
            "type": "string",
            "_instruction": "Enter a description of this protocol execution.",
            "description": "Longer statement or account giving the characteristics of someone or something.",
            "title": "description"
        },
        "input": {
            "type": "array",
            "minItems": 1,
            "uniqueItems": true,
            "_instruction": "Add all inputs (subject state, tissue sample state, file instance or file bundle) used by this protocol execution.",
            "_linkedTypes": [
                "https://openminds.ebrains.eu/core/FileBundle",
                "https://openminds.ebrains.eu/core/File",
                "https://openminds.ebrains.eu/core/SubjectGroupState",
                "https://openminds.ebrains.eu/core/SubjectState",
                "https://openminds.ebrains.eu/core/TissueSampleCollectionState",
                "https://openminds.ebrains.eu/core/TissueSampleState"
            ],
            "description": "Something or someone that is put into or participates in a process or machine.",
            "title": "input"
        },
        "lookupLabel": {
            "type": "string",
            "_instruction": "Enter a lookup label for this protocol execution that may help you to more easily find it again.",
            "title": "lookupLabel"
        },
        "output": {
            "type": "array",
            "minItems": 1,
            "uniqueItems": true,
            "_instruction": "Add all outputs (subject state, tissue sample state, file instance or file bundle) generated by this protocol execution.",
            "_linkedTypes": [
                "https://openminds.ebrains.eu/core/FileBundle",
                "https://openminds.ebrains.eu/core/File",
                "https://openminds.ebrains.eu/core/SubjectGroupState",
                "https://openminds.ebrains.eu/core/SubjectState",
                "https://openminds.ebrains.eu/core/TissueSampleCollectionState",
                "https://openminds.ebrains.eu/core/TissueSampleState"
            ],
            "description": "Something or someone that comes out of, is delivered or produced by a process or machine.",
            "title": "output"
        },
        "parameterSet": {
            "type": "array",
            "minItems": 1,
            "uniqueItems": true,
            "_instruction": "Add all important parameters grouped in context-specific sets that were used in this protocol execution.",
            "_embeddedTypes": [
                "https://openminds.ebrains.eu/core/ParameterSet"
            ],
            "description": "Manner, position, or direction in which digital or physical properties are set to determine a particular function, characteristics or behavior of something.",
            "title": "parameterSet"
        },
        "preparationType": {
            "_instruction": "Add the initial preparation type for this protocol execution.",
            "_linkedTypes": [
                "https://openminds.ebrains.eu/controlledTerms/PreparationType"
            ],
            "description": "Distinct class of actions or processes that make something ready for use or service.",
            "title": "preparationType"
        },
        "protocol": {
            "_instruction": "Add the protocol of this protocol execution.",
            "_linkedTypes": [
                "https://openminds.ebrains.eu/core/Protocol"
            ],
            "description": "Plan that describes the process of a scientific or medical experiment, treatment, or procedure.",
            "title": "protocol"
        },
        "semanticallyAnchoredTo": {
            "type": "array",
            "minItems": 1,
            "uniqueItems": true,
            "_instruction": "Add all anatomical entities to which the outputs of this protocol execution can be semantically anchored to.",
            "_linkedTypes": [
                "https://openminds.ebrains.eu/sands/AnatomicalEntity"
            ],
            "description": "Reference to a related anatomical structure without providing a quantitative proof of the claimed relation.",
            "title": "semanticallyAnchoredTo"
        },
        "studyTarget": {
            "type": "array",
            "minItems": 1,
            "uniqueItems": true,
            "_instruction": "Add all study targets of this model version.",
            "_linkedTypes": [
                "https://openminds.ebrains.eu/sands/ParcellationEntity",
                "https://openminds.ebrains.eu/sands/CustomAnatomicalEntity",
                "https://openminds.ebrains.eu/controlledTerms/Disease",
                "https://openminds.ebrains.eu/controlledTerms/Phenotype",
                "https://openminds.ebrains.eu/controlledTerms/Handedness",
                "https://openminds.ebrains.eu/controlledTerms/Species",
                "https://openminds.ebrains.eu/controlledTerms/DiseaseModel",
                "https://openminds.ebrains.eu/controlledTerms/Strain",
                "https://openminds.ebrains.eu/controlledTerms/CellType",
                "https://openminds.ebrains.eu/controlledTerms/Organ",
                "https://openminds.ebrains.eu/controlledTerms/BiologicalSex",
                "https://openminds.ebrains.eu/controlledTerms/TermSuggestion"
            ],
            "description": "Structure or function that was targeted within a study.",
            "title": "studyTarget"
        }
    },
    "description": "Structured information on a protocol execution."
}