{
    "_type": "https://openminds.ebrains.eu/core/Protocol",
    "required": [
        "description",
        "name",
        "technique"
    ],
    "properties": {
        "description": {
            "type": "string",
            "_instruction": "Enter a description of this protocol.",
            "description": "Longer statement or account giving the characteristics of someone or something.",
            "title": "description"
        },
        "behavioralTask": {
            "type": "array",
            "minItems": 1,
            "uniqueItems": true,
            "_instruction": "Add all behavioral tasks that were executed as part of this protocol.",
            "_linkedTypes": [
                "https://openminds.ebrains.eu/controlledTerms/BehavioralTask"
            ],
            "description": "Specific set of defined activities (or their absence) that should be performed (or avoided) by a subject.",
            "title": "behavioralTask"
        },
        "name": {
            "type": "string",
            "_instruction": "Enter a descriptive name for this protocol.",
            "description": "Word or phrase that constitutes the distinctive designation of a being or thing.",
            "title": "name"
        },
        "studyOption": {
            "type": "array",
            "minItems": 1,
            "uniqueItems": true,
            "_instruction": "Add all study options this protocol offers.",
            "_linkedTypes": [
                "https://openminds.ebrains.eu/sands/CustomAnatomicalEntity",
                "https://openminds.ebrains.eu/sands/ParcellationEntity",
                "https://openminds.ebrains.eu/controlledTerms/Species",
                "https://openminds.ebrains.eu/controlledTerms/Strain",
                "https://openminds.ebrains.eu/controlledTerms/Handedness",
                "https://openminds.ebrains.eu/controlledTerms/TermSuggestion",
                "https://openminds.ebrains.eu/controlledTerms/DiseaseModel",
                "https://openminds.ebrains.eu/controlledTerms/Disease",
                "https://openminds.ebrains.eu/controlledTerms/CellType",
                "https://openminds.ebrains.eu/controlledTerms/BiologicalSex",
                "https://openminds.ebrains.eu/controlledTerms/Phenotype",
                "https://openminds.ebrains.eu/controlledTerms/Organ"
            ],
            "title": "studyOption"
        },
        "technique": {
            "type": "array",
            "minItems": 1,
            "uniqueItems": true,
            "_instruction": "Add all techniques that were used in this protocol.",
            "_linkedTypes": [
                "https://openminds.ebrains.eu/controlledTerms/Technique"
            ],
            "description": "Method of accomplishing a desired aim.",
            "title": "technique"
        }
    },
    "description": "Structured information on a research project."
}