{
    "$id": "https://openminds.ebrains.eu/computation/environment?format=json-schema",
    "$schema": "http://json-schema.org/draft-07/schema#",
    "_type": "https://openminds.ebrains.eu/computation/Environment",
    "properties": {
        "@id": {
            "description": "Metadata node identifier.",
            "type": "string"
        },
        "@type": {
            "const": "https://openminds.ebrains.eu/computation/Environment",
            "type": "string"
        },
        "configuration": {
            "_instruction": "Add all important hardware settings defining this environment.",
            "items": {
                "else": {
                    "properties": {
                        "@id": {
                            "format": "iri",
                            "type": "string"
                        }
                    },
                    "required": [
                        "@id"
                    ]
                },
                "if": {
                    "required": [
                        "@type"
                    ]
                },
                "then": {
                    "properties": {
                        "@id": {
                            "format": "iri",
                            "type": "string"
                        },
                        "@type": {
                            "enum": [
                                "https://openminds.ebrains.eu/core/ParameterSet"
                            ],
                            "format": "iri",
                            "type": "string"
                        }
                    },
                    "required": [
                        "@id"
                    ]
                }
            },
            "minItems": 1,
            "title": "Configuration",
            "type": "array",
            "uniqueItems": true
        },
        "description": {
            "_instruction": "Enter a description of this computing environment",
            "description": "Longer statement or account giving the characteristics of someone or something.",
            "title": "Description",
            "type": "string"
        },
        "hardware": {
            "_instruction": "Select the hardware system on which this environment runs",
            "else": {
                "properties": {
                    "@id": {
                        "format": "iri",
                        "type": "string"
                    }
                },
                "required": [
                    "@id"
                ]
            },
            "if": {
                "required": [
                    "@type"
                ]
            },
            "then": {
                "properties": {
                    "@id": {
                        "format": "iri",
                        "type": "string"
                    },
                    "@type": {
                        "enum": [
                            "https://openminds.ebrains.eu/computation/HardwareSystem"
                        ],
                        "format": "iri",
                        "type": "string"
                    }
                },
                "required": [
                    "@id"
                ]
            },
            "title": "Hardware",
            "type": "object"
        },
        "name": {
            "_instruction": "Enter a name/label for this computing environment",
            "description": "Word or phrase that constitutes the distinctive designation of a being or thing.",
            "title": "Name",
            "type": "string"
        },
        "software": {
            "_instruction": "Add all software versions available in this environment. [Note: this is optional. The Analysis/Simulation schemas allow storing a list of software versions actually _used_ in a computation",
            "items": {
                "else": {
                    "properties": {
                        "@id": {
                            "format": "iri",
                            "type": "string"
                        }
                    },
                    "required": [
                        "@id"
                    ]
                },
                "if": {
                    "required": [
                        "@type"
                    ]
                },
                "then": {
                    "properties": {
                        "@id": {
                            "format": "iri",
                            "type": "string"
                        },
                        "@type": {
                            "enum": [
                                "https://openminds.ebrains.eu/core/SoftwareVersion"
                            ],
                            "format": "iri",
                            "type": "string"
                        }
                    },
                    "required": [
                        "@id"
                    ]
                }
            },
            "minItems": 1,
            "title": "Software",
            "type": "array",
            "uniqueItems": true
        }
    },
    "required": [
        "@id",
        "name",
        "hardware",
        "@type"
    ],
    "title": "Environment",
    "type": "object"
}