{
    "$id": "https://openminds.ebrains.eu/sands/coordinatePoint?format=json-schema",
    "$schema": "http://json-schema.org/draft-07/schema#",
    "_type": "https://openminds.ebrains.eu/sands/CoordinatePoint",
    "description": "Structured information on a coordinate point.",
    "properties": {
        "@id": {
            "description": "Metadata node identifier.",
            "type": "string"
        },
        "@type": {
            "const": "https://openminds.ebrains.eu/sands/CoordinatePoint",
            "type": "string"
        },
        "https://openminds.ebrains.eu/vocab/coordinateSpace": {
            "_instruction": "Add the coordinate space in which this coordinate point exists in.",
            "description": "Two or three dimensional geometric setting.",
            "else": {
                "properties": {
                    "@id": {
                        "format": "iri",
                        "type": "string"
                    }
                },
                "required": [
                    "@id"
                ]
            },
            "if": {
                "required": [
                    "@type"
                ]
            },
            "then": {
                "properties": {
                    "@id": {
                        "format": "iri",
                        "type": "string"
                    },
                    "@type": {
                        "enum": [
                            "https://openminds.ebrains.eu/sands/CoordinateSpace"
                        ],
                        "format": "iri",
                        "type": "string"
                    }
                },
                "required": [
                    "@id"
                ]
            },
            "title": "coordinateSpace",
            "type": "object"
        },
        "https://openminds.ebrains.eu/vocab/coordinates": {
            "_type": "https://openminds.ebrains.eu/core/QuantitativeValue",
            "description": "Structured information on a quanitative value.",
            "properties": {
                "typeOfUncertainty": {
                    "_instruction": "Add the type of uncertainty used for this quantitative value.",
                    "_linkedTypes": [
                        "https://openminds.ebrains.eu/controlledTerms/TypeOfUncertainty"
                    ],
                    "description": "Distinct technique used to quanitify the uncertainty of a measurement.",
                    "title": "typeOfUncertainty"
                },
                "uncertainty": {
                    "_instruction": "Enter the measurement uncertainty of this quantitative value.",
                    "description": "Quanitative value range defining the uncertainty of a measurement.",
                    "items": {
                        "type": "number"
                    },
                    "maxItems": 2,
                    "minItems": 2,
                    "title": "uncertainty",
                    "type": "array"
                },
                "unit": {
                    "_instruction": "Add the unit of measurement of this quantitative value.",
                    "_linkedTypes": [
                        "https://openminds.ebrains.eu/controlledTerms/UnitOfMeasurement"
                    ],
                    "description": "Determinate quantity adopted as a standard of measurement.",
                    "title": "unit"
                },
                "value": {
                    "_instruction": "Enter the measurement value of this quantitative value.",
                    "description": "Entry for a property.",
                    "title": "value",
                    "type": "number"
                }
            },
            "required": [
                "value"
            ],
            "title": "Quantitative value",
            "type": "object"
        }
    },
    "required": [
        "@type",
        "coordinateSpace",
        "@id",
        "coordinates"
    ],
    "title": "Coordinate point",
    "type": "object"
}