{
    "_type": "https://openminds.ebrains.eu/core/DatasetVersion",
    "required": [
        "fullName",
        "shortName",
        "custodian",
        "type",
        "accessibility",
        "fullDocumentation",
        "ethicsAssessment",
        "description",
        "releaseDate",
        "funding",
        "repository",
        "versionIdentifier",
        "digitalIdentifier",
        "modality",
        "license",
        "author"
    ],
    "properties": {
        "ethicsAssessment": {
            "_instruction": "Add the result of the ethics assessment of this dataset version.",
            "_linkedTypes": [
                "https://openminds.ebrains.eu/controlledTerms/EthicsAssessment"
            ],
            "description": "Judgment about the applied principles of conduct governing an individual or a group.",
            "title": "ethicsAssessment"
        },
        "hasAlternativeVersion": {
            "type": "array",
            "minItems": 1,
            "uniqueItems": true,
            "_instruction": "Add all dataset versions that can be used alternatively to this dataset version.",
            "_linkedTypes": [
                "https://openminds.ebrains.eu/core/DatasetVersion"
            ],
            "title": "hasAlternativeVersion"
        },
        "hasSupplementVersion": {
            "type": "array",
            "minItems": 1,
            "uniqueItems": true,
            "_instruction": "Add all dataset versions that supplement this dataset version.",
            "_linkedTypes": [
                "https://openminds.ebrains.eu/core/DatasetVersion"
            ],
            "title": "hasSupplementVersion"
        },
        "isNewVersionOf": {
            "_instruction": "Add the dataset version preceding this dataset version.",
            "_linkedTypes": [
                "https://openminds.ebrains.eu/core/DatasetVersion"
            ],
            "description": "Reference to a previous (potentially outdated) particular form of something.",
            "title": "isNewVersionOf"
        },
        "modality": {
            "type": "array",
            "minItems": 1,
            "uniqueItems": true,
            "_instruction": "Add all modalities in which the approaches used in this dataset version can be categorized in.",
            "_linkedTypes": [
                "https://openminds.ebrains.eu/controlledTerms/Modality"
            ],
            "description": "Classification according to a logical proposition in which something exists, is experienced or expressed.",
            "title": "modality"
        },
        "type": {
            "type": "array",
            "minItems": 1,
            "uniqueItems": true,
            "_instruction": "Add all data types (raw, derived or simulated) provided in this dataset version.",
            "_linkedTypes": [
                "https://openminds.ebrains.eu/controlledTerms/DatasetType"
            ],
            "description": "Distinct class to which a group of entities or concepts with similar characteristics or attributes belong to.",
            "title": "type"
        },
        "accessibility": {
            "_instruction": "Add the accessibility of the data for this research product version.",
            "_linkedTypes": [
                "https://openminds.ebrains.eu/controlledTerms/ProductAccessibility"
            ],
            "description": "Level to which something is accessible to someone or something.",
            "title": "accessibility"
        },
        "author": {
            "type": "array",
            "minItems": 1,
            "uniqueItems": true,
            "_instruction": "Add one or several authors (person or organization) that contributed to the production and publication of this research product version.",
            "_linkedTypes": [
                "https://openminds.ebrains.eu/core/Organization",
                "https://openminds.ebrains.eu/core/Person"
            ],
            "description": "Creator of a literary or creative work, as well as a dataset publication.",
            "title": "author"
        },
        "copyright": {
            "_instruction": "Add the copyright information of this research product version.",
            "_embeddedTypes": [
                "https://openminds.ebrains.eu/core/Copyright"
            ],
            "description": "Exclusive and assignable legal right of an originator to reproduce, publish, sell, or distribute the matter and form of a creative work for a defined time period.",
            "title": "copyright"
        },
        "custodian": {
            "type": "array",
            "minItems": 1,
            "uniqueItems": true,
            "_instruction": "Add one or several custodians (person or organization) that are responsible for this research product version.",
            "_linkedTypes": [
                "https://openminds.ebrains.eu/core/Organization",
                "https://openminds.ebrains.eu/core/Person"
            ],
            "description": "The 'custodian' is a legal person who is responsible for the content and quality of the data, metadata, and/or code of a research product.",
            "title": "custodian"
        },
        "description": {
            "type": "string",
            "maxLength": 2000,
            "_instruction": "Enter a description (abstract) for this research product (max. 2000 characters, incl. spaces; no references).",
            "description": "Longer statement or account giving the characteristics of someone or something.",
            "title": "description"
        },
        "developer": {
            "type": "array",
            "minItems": 1,
            "uniqueItems": true,
            "_instruction": "Add one or several developers (person or organization) that contributed to the code implementation of this research product version.",
            "_linkedTypes": [
                "https://openminds.ebrains.eu/core/Organization",
                "https://openminds.ebrains.eu/core/Person"
            ],
            "description": "Legal person that creates or improves products or services (e.g., software, applications, etc.).",
            "title": "developer"
        },
        "digitalIdentifier": {
            "_instruction": "Add the globally unique and persistent digital identifier of this research product version.",
            "_linkedTypes": [
                "https://openminds.ebrains.eu/core/DigitalIdentifier"
            ],
            "description": "Digital handle to identify objects or legal persons.",
            "title": "digitalIdentifier"
        },
        "fullDocumentation": {
            "_instruction": "Add the globally unique and persistent digital identifier of a full documentation of this research product version.",
            "_linkedTypes": [
                "https://openminds.ebrains.eu/core/DigitalIdentifier"
            ],
            "description": "Non-abridged instructions, comments, and information for using a particular product.",
            "title": "fullDocumentation"
        },
        "fullName": {
            "type": "string",
            "_instruction": "Enter a descriptive full name (title) for this research product version.",
            "description": "Whole, non-abbreviated name of something or somebody.",
            "title": "fullName"
        },
        "funding": {
            "type": "array",
            "minItems": 1,
            "uniqueItems": true,
            "_instruction": "Add all funding information of this research product version.",
            "_linkedTypes": [
                "https://openminds.ebrains.eu/core/Funding"
            ],
            "description": "Money provided by a legal person for a particular purpose.",
            "title": "funding"
        },
        "homepage": {
            "type": "string",
            "format": "iri",
            "_instruction": "Enter the internationalized resource identifier (IRI) to the homepage of this research product version.",
            "description": "Main website of something or someone.",
            "title": "homepage"
        },
        "keyword": {
            "type": "array",
            "maxItems": 5,
            "minItems": 1,
            "uniqueItems": true,
            "_instruction": "Enter custom keywords to this research product version.",
            "items": {
                "type": "string"
            },
            "description": "Significant word or concept that are representative of something or someone.",
            "title": "keyword"
        },
        "license": {
            "_instruction": "Add the license of this research product version.",
            "_linkedTypes": [
                "https://openminds.ebrains.eu/core/License"
            ],
            "description": "Grant by a party to another party as an element of an agreement between those parties that permits to do, use, or own something.",
            "title": "license"
        },
        "otherContribution": {
            "type": "array",
            "minItems": 1,
            "uniqueItems": true,
            "_instruction": "Add the contributions for each involved person or organization going beyond being an author, custodian or developer of this research product version.",
            "_linkedTypes": [
                "https://openminds.ebrains.eu/core/Contribution"
            ],
            "description": "Giving or supplying of something (such as money or time) as a part or share other than what is covered elsewhere.",
            "title": "otherContribution"
        },
        "relatedPublication": {
            "type": "array",
            "minItems": 1,
            "uniqueItems": true,
            "_instruction": "Add further publications besides the documentation (e.g. an original research article) providing the original context for the production of this research product version.",
            "_linkedTypes": [
                "https://openminds.ebrains.eu/core/DigitalIdentifier"
            ],
            "description": "Reference to something that was made available for the general public to see or buy.",
            "title": "relatedPublication"
        },
        "releaseDate": {
            "format": "date",
            "type": "string",
            "_instruction": "Enter the date (actual or intended) of the first broadcast/publication of this research product version.",
            "description": "Fixed date on which a product is due to become or was made available for the general public to see or buy",
            "title": "releaseDate"
        },
        "repository": {
            "_instruction": "Add the file repository of this research product version.",
            "_linkedTypes": [
                "https://openminds.ebrains.eu/core/FileRepository"
            ],
            "description": "Place, room, or container where something is deposited or stored.",
            "title": "repository"
        },
        "shortName": {
            "type": "string",
            "maxLength": 30,
            "_instruction": "Enter a short name (alias) for this research product version (max. 30 characters, no space).",
            "description": "Shortened or fully abbreviated name of something or somebody.",
            "title": "shortName"
        },
        "versionIdentifier": {
            "type": "string",
            "_instruction": "Enter the version identifier of this research product version.",
            "description": "Term or code used to identify the version of something.",
            "title": "versionIdentifier"
        },
        "versionInnovation": {
            "type": "string",
            "_instruction": "Enter a short summary of the novelties/peculiarities of this research product version.",
            "description": "Documentation on what changed in comparison to a previously published form of something.",
            "title": "versionInnovation"
        }
    },
    "description": "Structured information on data originating from human/animal studies or simulations (version level)."
}