{
    "$id": "https://openminds.ebrains.eu/ephys/recording?format=json-schema",
    "$schema": "http://json-schema.org/draft-07/schema#",
    "_type": "https://openminds.ebrains.eu/ephys/Recording",
    "properties": {
        "@id": {
            "description": "Metadata node identifier.",
            "type": "string"
        },
        "@type": {
            "const": "https://openminds.ebrains.eu/ephys/Recording",
            "type": "string"
        },
        "https://openminds.ebrains.eu/vocab/additionalRemarks": {
            "_instruction": "Enter any additional remarks about this recording.",
            "description": "Mention of what deserves additional attention or notice.",
            "title": "additionalRemarks",
            "type": "string"
        },
        "https://openminds.ebrains.eu/vocab/channel": {
            "_type": "https://openminds.ebrains.eu/ephys/Channel",
            "properties": {
                "internalIdentifier": {
                    "_instruction": "Enter any internal identifier used for this channel.",
                    "description": "Term or code that identifies someone or something within a particular product.",
                    "title": "internalIdentifier",
                    "type": "string"
                },
                "unitOfMeasurement": {
                    "_instruction": "Add the unit of measurement for this channel.",
                    "_linkedTypes": [
                        "https://openminds.ebrains.eu/controlledTerms/UnitOfMeasurement"
                    ],
                    "title": "unitOfMeasurement"
                }
            },
            "required": [
                "internalIdentifier",
                "unitOfMeasurement"
            ],
            "type": "object"
        },
        "https://openminds.ebrains.eu/vocab/dataLocation": {
            "_instruction": "Add the location of the file or file bundle in which the recorded data is stored.",
            "else": {
                "properties": {
                    "@id": {
                        "format": "iri",
                        "type": "string"
                    }
                },
                "required": [
                    "@id"
                ]
            },
            "if": {
                "required": [
                    "@type"
                ]
            },
            "then": {
                "properties": {
                    "@id": {
                        "format": "iri",
                        "type": "string"
                    },
                    "@type": {
                        "enum": [
                            "https://openminds.ebrains.eu/core/File",
                            "https://openminds.ebrains.eu/core/FileBundle"
                        ],
                        "format": "iri",
                        "type": "string"
                    }
                },
                "required": [
                    "@id"
                ]
            },
            "title": "dataLocation",
            "type": "object"
        },
        "https://openminds.ebrains.eu/vocab/internalIdentifier": {
            "_instruction": "Enter the identifier used to identify data associated with this recording within the file or file bundle.",
            "description": "Term or code that identifies someone or something within a particular product.",
            "title": "internalIdentifier",
            "type": "string"
        },
        "https://openminds.ebrains.eu/vocab/name": {
            "_instruction": "Enter a name for this recording.",
            "description": "Word or phrase that constitutes the distinctive designation of a being or thing.",
            "title": "name",
            "type": "string"
        },
        "https://openminds.ebrains.eu/vocab/previousRecording": {
            "_instruction": "If this recording is part of a sequence (sweeps, repetitions), enter the previous recording.",
            "else": {
                "properties": {
                    "@id": {
                        "format": "iri",
                        "type": "string"
                    }
                },
                "required": [
                    "@id"
                ]
            },
            "if": {
                "required": [
                    "@type"
                ]
            },
            "then": {
                "properties": {
                    "@id": {
                        "format": "iri",
                        "type": "string"
                    },
                    "@type": {
                        "enum": [
                            "https://openminds.ebrains.eu/ephys/Recording"
                        ],
                        "format": "iri",
                        "type": "string"
                    }
                },
                "required": [
                    "@id"
                ]
            },
            "title": "previousRecording",
            "type": "object"
        },
        "https://openminds.ebrains.eu/vocab/recordedWith": {
            "_instruction": "Add the device used for this recording.",
            "else": {
                "properties": {
                    "@id": {
                        "format": "iri",
                        "type": "string"
                    }
                },
                "required": [
                    "@id"
                ]
            },
            "if": {
                "required": [
                    "@type"
                ]
            },
            "then": {
                "properties": {
                    "@id": {
                        "format": "iri",
                        "type": "string"
                    },
                    "@type": {
                        "enum": [
                            "https://openminds.ebrains.eu/ephys/ElectrodeArrayUsage",
                            "https://openminds.ebrains.eu/ephys/PipetteUsage",
                            "https://openminds.ebrains.eu/ephys/ElectrodeUsage",
                            "https://openminds.ebrains.eu/specimenPrep/SlicingDeviceUsage"
                        ],
                        "format": "iri",
                        "type": "string"
                    }
                },
                "required": [
                    "@id"
                ]
            },
            "title": "recordedWith",
            "type": "object"
        },
        "https://openminds.ebrains.eu/vocab/samplingFrequency": {
            "_type": "https://openminds.ebrains.eu/core/QuantitativeValue",
            "description": "Structured information on a quantitative value.",
            "properties": {
                "typeOfUncertainty": {
                    "_instruction": "Add the type of uncertainty used to determine the uncertainity for this quantitative value.",
                    "_linkedTypes": [
                        "https://openminds.ebrains.eu/controlledTerms/TypeOfUncertainty"
                    ],
                    "description": "Distinct technique used to quantify the uncertainty of a measurement.",
                    "title": "typeOfUncertainty"
                },
                "uncertainty": {
                    "_instruction": "Enter the uncertainty of this quantitative value.",
                    "description": "Quantitative value range defining the uncertainty of a measurement.",
                    "items": {
                        "type": "number"
                    },
                    "maxItems": 2,
                    "minItems": 2,
                    "title": "uncertainty",
                    "type": "array"
                },
                "unit": {
                    "_instruction": "Add the unit of measurement of this quantitative value and its uncertainty.",
                    "_linkedTypes": [
                        "https://openminds.ebrains.eu/controlledTerms/UnitOfMeasurement"
                    ],
                    "description": "Determinate quantity adopted as a standard of measurement.",
                    "title": "unit"
                },
                "value": {
                    "_instruction": "Enter the value of this quantitative value.",
                    "description": "Entry for a property.",
                    "title": "value",
                    "type": "number"
                }
            },
            "required": [
                "value"
            ],
            "type": "object"
        }
    },
    "required": [
        "https://openminds.ebrains.eu/vocab/recordedWith",
        "https://openminds.ebrains.eu/vocab/samplingFrequency",
        "@type",
        "@id",
        "https://openminds.ebrains.eu/vocab/dataLocation",
        "https://openminds.ebrains.eu/vocab/channel"
    ],
    "type": "object"
}