{
    "_type": "https://openminds.ebrains.eu/core/Protocol",
    "required": [
        "description",
        "name",
        "technique"
    ],
    "properties": {
        "description": {
            "type": "string",
            "_instruction": "Enter a description of this protocol.",
            "description": "Longer statement or account giving the characteristics of someone or something.",
            "title": "description"
        },
        "name": {
            "type": "string",
            "_instruction": "Enter a descriptive name for this protocol.",
            "description": "Word or phrase that constitutes the distinctive designation of a being or thing.",
            "title": "name"
        },
        "studyOption": {
            "type": "array",
            "minItems": 1,
            "uniqueItems": true,
            "_instruction": "Add all study options this protocol offers.",
            "_linkedTypes": [
                "https://openminds.ebrains.eu/sands/ParcellationEntity",
                "https://openminds.ebrains.eu/sands/CustomAnatomicalEntity",
                "https://openminds.ebrains.eu/controlledTerms/OrganismSubstance",
                "https://openminds.ebrains.eu/controlledTerms/TactileStimulusType",
                "https://openminds.ebrains.eu/controlledTerms/OrganismSystem",
                "https://openminds.ebrains.eu/controlledTerms/GeneticStrainType",
                "https://openminds.ebrains.eu/controlledTerms/Disease",
                "https://openminds.ebrains.eu/controlledTerms/BreedingType",
                "https://openminds.ebrains.eu/controlledTerms/Organ",
                "https://openminds.ebrains.eu/controlledTerms/DiseaseModel",
                "https://openminds.ebrains.eu/controlledTerms/VisualStimulusType",
                "https://openminds.ebrains.eu/controlledTerms/Species",
                "https://openminds.ebrains.eu/controlledTerms/ElectricalStimulusType",
                "https://openminds.ebrains.eu/controlledTerms/SubcellularEntity",
                "https://openminds.ebrains.eu/controlledTerms/AuditoryStimulusType",
                "https://openminds.ebrains.eu/controlledTerms/CellType",
                "https://openminds.ebrains.eu/controlledTerms/GustatoryStimulusType",
                "https://openminds.ebrains.eu/controlledTerms/CellCultureType",
                "https://openminds.ebrains.eu/controlledTerms/UBERONParcellation",
                "https://openminds.ebrains.eu/controlledTerms/Handedness",
                "https://openminds.ebrains.eu/controlledTerms/TermSuggestion",
                "https://openminds.ebrains.eu/controlledTerms/OpticalStimulusType",
                "https://openminds.ebrains.eu/controlledTerms/OlfactoryStimulusType",
                "https://openminds.ebrains.eu/controlledTerms/BiologicalSex",
                "https://openminds.ebrains.eu/controlledTerms/BiologicalOrder",
                "https://openminds.ebrains.eu/controlledTerms/MolecularEntity"
            ],
            "title": "studyOption"
        },
        "technique": {
            "type": "array",
            "minItems": 1,
            "uniqueItems": true,
            "_instruction": "Add all techniques that were used in this protocol.",
            "_linkedTypes": [
                "https://openminds.ebrains.eu/controlledTerms/Technique"
            ],
            "description": "Method of accomplishing a desired aim.",
            "title": "technique"
        }
    },
    "description": "Structured information on a research project."
}