{
    "_type": "https://openminds.ebrains.eu/core/Subject",
    "required": [
        "internalIdentifier",
        "studiedState",
        "species",
        "biologicalSex"
    ],
    "properties": {
        "isPartOf": {
            "type": "array",
            "minItems": 1,
            "uniqueItems": true,
            "_instruction": "Add all subject groups of which this subject is a member.",
            "_linkedTypes": [
                "https://openminds.ebrains.eu/core/SubjectGroup"
            ],
            "description": "Reference to the ensemble of multiple things or beings.",
            "title": "isPartOf"
        },
        "studiedState": {
            "type": "array",
            "minItems": 1,
            "uniqueItems": true,
            "_instruction": "Add all states in which this subject was studied.",
            "_linkedTypes": [
                "https://openminds.ebrains.eu/core/SubjectState"
            ],
            "description": "Reference to a point in time at which something or someone was studied in a particular mode or condition.",
            "title": "studiedState"
        },
        "biologicalSex": {
            "_instruction": "Add the biological sex of this specimen.",
            "_linkedTypes": [
                "https://openminds.ebrains.eu/controlledTerms/BiologicalSex"
            ],
            "description": "Differentiation of individuals of most species (animals and plants) based on the type of gametes they produce.",
            "title": "biologicalSex"
        },
        "internalIdentifier": {
            "type": "string",
            "_instruction": "Enter the identifier of this specimen that is used within the corresponding data.",
            "description": "Term or code that identifies someone or something within a particular product.",
            "title": "internalIdentifier"
        },
        "lookupLabel": {
            "type": "string",
            "_instruction": "Enter a lookup label for this specimen that may help you to more easily find it again.",
            "title": "lookupLabel"
        },
        "phenotype": {
            "_instruction": "Add the phenotype of this specimen.",
            "_linkedTypes": [
                "https://openminds.ebrains.eu/controlledTerms/Phenotype"
            ],
            "description": "Physical expression of one or more genes of an organism.",
            "title": "phenotype"
        },
        "species": {
            "_instruction": "Add the species of this specimen.",
            "_linkedTypes": [
                "https://openminds.ebrains.eu/controlledTerms/Species"
            ],
            "description": "Category of biological classification comprising related organisms or populations potentially capable of interbreeding, and being designated by a binomial that consists of the name of a genus followed by a Latin or latinized uncapitalized noun or adjective.",
            "title": "species"
        },
        "strain": {
            "_instruction": "Add the strain of this specimen.",
            "_linkedTypes": [
                "https://openminds.ebrains.eu/controlledTerms/Strain"
            ],
            "description": "Group of presumed common ancestry with physiological but usually not morphological distinctions.",
            "title": "strain"
        }
    },
    "description": "Structured information on a subject.",
    "title": "Subject"
}