{
    "_type": "https://openminds.ebrains.eu/core/DatasetVersion",
    "required": [
        "accessibility",
        "digitalIdentifier",
        "fullDocumentation",
        "funding",
        "license",
        "versionIdentifier",
        "type",
        "versionInnovation",
        "shortName",
        "experimentalApproach",
        "ethicsAssessment",
        "releaseDate",
        "protocol"
    ],
    "properties": {
        "author": {
            "type": "array",
            "minItems": 1,
            "uniqueItems": true,
            "_instruction": "If necessary, add one or several authors (person or organization) that contributed to the production and publication of this dataset version. Note that these authors will overwrite the once provided in the dataset product this version belongs to.",
            "_linkedTypes": [
                "https://openminds.ebrains.eu/core/Organization",
                "https://openminds.ebrains.eu/core/Person"
            ],
            "description": "Creator of a literary or creative work, as well as a dataset publication.",
            "title": "author"
        },
        "digitalIdentifier": {
            "_instruction": "Add the globally unique and persistent digital identifier of this research product version.",
            "_linkedTypes": [
                "https://openminds.ebrains.eu/core/DOI"
            ],
            "description": "Digital handle to identify objects or legal persons.",
            "title": "digitalIdentifier"
        },
        "ethicsAssessment": {
            "_instruction": "Add the result of the ethics assessment of this dataset version.",
            "_linkedTypes": [
                "https://openminds.ebrains.eu/controlledTerms/EthicsAssessment"
            ],
            "description": "Judgment about the applied principles of conduct governing an individual or a group.",
            "title": "ethicsAssessment"
        },
        "experimentalApproach": {
            "type": "array",
            "minItems": 1,
            "uniqueItems": true,
            "_instruction": "Add all experimental approaches which this dataset version has deployed.",
            "_linkedTypes": [
                "https://openminds.ebrains.eu/controlledTerms/ExperimentalApproach"
            ],
            "title": "experimentalApproach"
        },
        "inputData": {
            "type": "array",
            "minItems": 1,
            "uniqueItems": true,
            "_instruction": "Add the data that was used as input for this dataset version.",
            "_linkedTypes": [
                "https://openminds.ebrains.eu/core/DOI",
                "https://openminds.ebrains.eu/core/File",
                "https://openminds.ebrains.eu/core/FileBundle"
            ],
            "description": "Data that is put into a process or machine.",
            "title": "inputData"
        },
        "isAlternativeVersionOf": {
            "type": "array",
            "minItems": 1,
            "uniqueItems": true,
            "_instruction": "Add all dataset versions that can be used alternatively to this dataset version.",
            "_linkedTypes": [
                "https://openminds.ebrains.eu/core/DatasetVersion"
            ],
            "description": "Reference to an original form where the essence was preserved, but presented in an alternative form.",
            "title": "isAlternativeVersionOf"
        },
        "isNewVersionOf": {
            "_instruction": "Add the dataset version preceding this dataset version.",
            "_linkedTypes": [
                "https://openminds.ebrains.eu/core/DatasetVersion"
            ],
            "description": "Reference to a previous (potentially outdated) particular form of something.",
            "title": "isNewVersionOf"
        },
        "license": {
            "_instruction": "Add the license for this dataset version.",
            "_linkedTypes": [
                "https://openminds.ebrains.eu/core/License"
            ],
            "description": "Grant by a party to another party as an element of an agreement between those parties that permits to do, use, or own something.",
            "title": "license"
        },
        "protocol": {
            "type": "array",
            "minItems": 1,
            "uniqueItems": true,
            "_instruction": "Add one or several protocols that were used in this dataset version.",
            "_linkedTypes": [
                "https://openminds.ebrains.eu/core/Protocol"
            ],
            "description": "Plan that describes the process of a scientific or medical experiment, treatment, or procedure.",
            "title": "protocol"
        },
        "studiedSpecimen": {
            "type": "array",
            "minItems": 1,
            "uniqueItems": true,
            "_instruction": "Add one or several specimen (subjects and/or tissue samples) or specimen sets (subject groups and/or tissue sample collections) that were studied in this dataset.",
            "_linkedTypes": [
                "https://openminds.ebrains.eu/core/Subject",
                "https://openminds.ebrains.eu/core/SubjectGroup",
                "https://openminds.ebrains.eu/core/TissueSample",
                "https://openminds.ebrains.eu/core/TissueSampleCollection"
            ],
            "title": "studiedSpecimen"
        },
        "type": {
            "type": "array",
            "minItems": 1,
            "uniqueItems": true,
            "_instruction": "Add all data types (raw, derived or simulated) provided in this dataset version.",
            "_linkedTypes": [
                "https://openminds.ebrains.eu/controlledTerms/SemanticDataType"
            ],
            "description": "Distinct class to which a group of entities or concepts with similar characteristics or attributes belong to.",
            "title": "type"
        },
        "accessibility": {
            "_instruction": "Add the accessibility of the data for this research product version.",
            "_linkedTypes": [
                "https://openminds.ebrains.eu/controlledTerms/ProductAccessibility"
            ],
            "description": "Level to which something is accessible to someone or something.",
            "title": "accessibility"
        },
        "copyright": {
            "_instruction": "Add the copyright information of this research product version.",
            "_embeddedTypes": [
                "https://openminds.ebrains.eu/core/Copyright"
            ],
            "description": "Exclusive and assignable legal right of an originator to reproduce, publish, sell, or distribute the matter and form of a creative work for a defined time period.",
            "title": "copyright"
        },
        "custodian": {
            "type": "array",
            "minItems": 1,
            "uniqueItems": true,
            "_instruction": "Add one or several custodians (person or organization) that are responsible for this research product version.",
            "_linkedTypes": [
                "https://openminds.ebrains.eu/core/Organization",
                "https://openminds.ebrains.eu/core/Person"
            ],
            "description": "The 'custodian' is a legal person who is responsible for the content and quality of the data, metadata, and/or code of a research product.",
            "title": "custodian"
        },
        "description": {
            "type": "string",
            "maxLength": 2000,
            "_instruction": "If necessary, enter a version specific description (abstract) for this research product version (max. 2000 characters, incl. spaces; no references). If left blank, the research product version will inherit the 'description' of it's corresponding research product.",
            "description": "Longer statement or account giving the characteristics of someone or something.",
            "title": "description"
        },
        "fullDocumentation": {
            "_instruction": "Add the DOI, file or URL that points to a full documentation of this research product version.",
            "_linkedTypes": [
                "https://openminds.ebrains.eu/core/DOI",
                "https://openminds.ebrains.eu/core/File",
                "https://openminds.ebrains.eu/core/URL"
            ],
            "description": "Non-abridged instructions, comments, and information for using a particular product.",
            "title": "fullDocumentation"
        },
        "fullName": {
            "type": "string",
            "_instruction": "If necessary, enter a version specific descriptive full name (title) for this research product version. If left blank, the research product version will inherit the 'fullName' of it's corresponding research product.",
            "description": "Whole, non-abbreviated name of something or somebody.",
            "title": "fullName"
        },
        "funding": {
            "type": "array",
            "minItems": 1,
            "uniqueItems": true,
            "_instruction": "Add all funding information of this research product version.",
            "_linkedTypes": [
                "https://openminds.ebrains.eu/core/Funding"
            ],
            "description": "Money provided by a legal person for a particular purpose.",
            "title": "funding"
        },
        "homepage": {
            "_instruction": "Add the uniform resource locator (URL) to the homepage of this research product version.",
            "_linkedTypes": [
                "https://openminds.ebrains.eu/core/URL"
            ],
            "description": "Main website of something or someone.",
            "title": "homepage"
        },
        "howToCite": {
            "type": "string",
            "_instruction": "Enter the preferred citation text for this research product version. Leave blank if citation text can be extracted from the assigned digital identifier.",
            "description": "Preferred format for citing a particular object or legal person.",
            "title": "howToCite"
        },
        "keyword": {
            "type": "array",
            "maxItems": 5,
            "minItems": 1,
            "uniqueItems": true,
            "_instruction": "Enter custom keywords to this research product version.",
            "items": {
                "type": "string"
            },
            "description": "Significant word or concept that are representative of something or someone.",
            "title": "keyword"
        },
        "otherContribution": {
            "type": "array",
            "minItems": 1,
            "uniqueItems": true,
            "_instruction": "Add the contributions for each involved person or organization going beyond being an author, custodian or developer of this research product version.",
            "_embeddedTypes": [
                "https://openminds.ebrains.eu/core/Contribution"
            ],
            "description": "Giving or supplying of something (such as money or time) as a part or share other than what is covered elsewhere.",
            "title": "otherContribution"
        },
        "relatedPublication": {
            "type": "array",
            "minItems": 1,
            "uniqueItems": true,
            "_instruction": "Add further publications besides the documentation (e.g. an original research article) providing the original context for the production of this research product version.",
            "_linkedTypes": [
                "https://openminds.ebrains.eu/core/DOI",
                "https://openminds.ebrains.eu/core/ISBN"
            ],
            "description": "Reference to something that was made available for the general public to see or buy.",
            "title": "relatedPublication"
        },
        "releaseDate": {
            "_formats": [
                "date"
            ],
            "type": "string",
            "_instruction": "Enter the date (actual or intended) of the first broadcast/publication of this research product version.",
            "description": "Fixed date on which a product is due to become or was made available for the general public to see or buy",
            "title": "releaseDate"
        },
        "repository": {
            "_instruction": "Add the file repository of this research product version.",
            "_linkedTypes": [
                "https://openminds.ebrains.eu/core/FileRepository"
            ],
            "description": "Place, room, or container where something is deposited or stored.",
            "title": "repository"
        },
        "shortName": {
            "type": "string",
            "maxLength": 30,
            "_instruction": "Enter a short name (alias) for this research product version (max. 30 characters, no space).",
            "description": "Shortened or fully abbreviated name of something or somebody.",
            "title": "shortName"
        },
        "supportChannel": {
            "type": "array",
            "minItems": 1,
            "uniqueItems": true,
            "_instruction": "Enter all channels through which a user can receive support for handling this research product.",
            "items": {
                "_formats": [
                    "email",
                    "iri"
                ],
                "type": "string"
            },
            "description": "Way of communication used to interact with users or customers.",
            "title": "supportChannel"
        },
        "versionIdentifier": {
            "type": "string",
            "_instruction": "Enter the version identifier of this research product version.",
            "description": "Term or code used to identify the version of something.",
            "title": "versionIdentifier"
        },
        "versionInnovation": {
            "type": "string",
            "_instruction": "Enter a summary/description of the novelties/peculiarities of this research product version in comparison to other versions of it's research product. If this research product version is the first released version, you can enter the following disclaimer 'This is the first version of this research product.'",
            "description": "Documentation on what changed in comparison to a previously published form of something.",
            "title": "versionInnovation"
        }
    },
    "description": "Structured information on data originating from human/animal studies or simulations (version level)."
}