{
    "_type": "https://openminds.ebrains.eu/core/Model",
    "required": [
        "hasVersion",
        "fullName",
        "developer",
        "description",
        "scope",
        "studyTarget",
        "abstractionLevel",
        "shortName"
    ],
    "properties": {
        "abstractionLevel": {
            "_instruction": "Add the abstraction level of this model version.",
            "_linkedTypes": [
                "https://openminds.ebrains.eu/controlledTerms/ModelAbstractionLevel"
            ],
            "description": "Extent of simplification of physical, spatial, or temporal details or attributes in the study of objects or systems.",
            "title": "abstractionLevel"
        },
        "developer": {
            "type": "array",
            "minItems": 1,
            "uniqueItems": true,
            "_instruction": "Add one or several developers (person or organization) that contributed to the code implementation of this model.",
            "_linkedTypes": [
                "https://openminds.ebrains.eu/core/Organization",
                "https://openminds.ebrains.eu/core/Person"
            ],
            "description": "Legal person that creates or improves products or services (e.g., software, applications, etc.).",
            "title": "developer"
        },
        "digitalIdentifier": {
            "_instruction": "Add the globally unique and persistent digital identifier of this research product. Note that this digital identifier will be used to reference all attached research product versions.",
            "_linkedTypes": [
                "https://openminds.ebrains.eu/core/DOI",
                "https://openminds.ebrains.eu/core/SWHID"
            ],
            "description": "Digital handle to identify objects or legal persons.",
            "title": "digitalIdentifier"
        },
        "hasVersion": {
            "type": "array",
            "minItems": 1,
            "uniqueItems": true,
            "_instruction": "Add one or several versions of this computational model.",
            "_linkedTypes": [
                "https://openminds.ebrains.eu/core/ModelVersion"
            ],
            "description": "Reference to variants of an original.",
            "title": "hasVersion"
        },
        "scope": {
            "_instruction": "Add the scope of this model version.",
            "_linkedTypes": [
                "https://openminds.ebrains.eu/controlledTerms/ModelScope"
            ],
            "description": "Extent of something.",
            "title": "scope"
        },
        "studyTarget": {
            "type": "array",
            "minItems": 1,
            "uniqueItems": true,
            "_instruction": "Add all study targets of this model version.",
            "_linkedTypes": [
                "https://openminds.ebrains.eu/controlledTerms/Handedness",
                "https://openminds.ebrains.eu/controlledTerms/CellType",
                "https://openminds.ebrains.eu/controlledTerms/Disease",
                "https://openminds.ebrains.eu/controlledTerms/Species",
                "https://openminds.ebrains.eu/controlledTerms/Phenotype",
                "https://openminds.ebrains.eu/controlledTerms/Strain",
                "https://openminds.ebrains.eu/controlledTerms/TermSuggestion",
                "https://openminds.ebrains.eu/controlledTerms/BiologicalSex",
                "https://openminds.ebrains.eu/controlledTerms/DiseaseModel",
                "https://openminds.ebrains.eu/controlledTerms/Organ",
                "https://openminds.ebrains.eu/sands/CustomAnatomicalEntity",
                "https://openminds.ebrains.eu/sands/ParcellationEntity"
            ],
            "description": "Structure or function that was targeted within a study.",
            "title": "studyTarget"
        },
        "custodian": {
            "type": "array",
            "minItems": 1,
            "uniqueItems": true,
            "_instruction": "Add one or several custodians (person or organization) that are responsible for this research product. Note that this custodian will be responsible for all attached research product versions.",
            "_linkedTypes": [
                "https://openminds.ebrains.eu/core/Organization",
                "https://openminds.ebrains.eu/core/Person"
            ],
            "description": "The 'custodian' is a legal person who is responsible for the content and quality of the data, metadata, and/or code of a research product.",
            "title": "custodian"
        },
        "description": {
            "type": "string",
            "maxLength": 2000,
            "_instruction": "Enter a description (abstract) for this research product (max. 2000 characters, incl. spaces; no references). Note that this description should be fitting for all attached research product versions.",
            "description": "Longer statement or account giving the characteristics of someone or something.",
            "title": "description"
        },
        "fullName": {
            "type": "string",
            "_instruction": "Enter a descriptive full name (title) for this research product.  Note that this full name should be fitting for all attached research product versions.",
            "description": "Whole, non-abbreviated name of something or somebody.",
            "title": "fullName"
        },
        "homepage": {
            "_instruction": "Add the uniform resource locator (URL) to the homepage of this research product.",
            "_linkedTypes": [
                "https://openminds.ebrains.eu/core/URL"
            ],
            "description": "Main website of something or someone.",
            "title": "homepage"
        },
        "howToCite": {
            "type": "string",
            "_instruction": "Enter the preferred citation text for this research product. Leave blank if citation text can be extracted from the assigned digital identifier.",
            "description": "Preferred format for citing a particular object or legal person.",
            "title": "howToCite"
        },
        "shortName": {
            "type": "string",
            "maxLength": 30,
            "_instruction": "Enter a short name (alias) for this research product (max. 30 characters; no space).",
            "description": "Shortened or fully abbreviated name of something or somebody.",
            "title": "shortName"
        }
    },
    "description": "Structured information on a computational model (concept level)."
}