{
    "$id": "https://openminds.ebrains.eu/computation/simulation?format=json-schema",
    "$schema": "http://json-schema.org/draft-07/schema#",
    "_categories": [
        "computationalActivity"
    ],
    "_type": "https://openminds.ebrains.eu/computation/Simulation",
    "description": "Structured information about a process of running simulations of a computational model.",
    "properties": {
        "@id": {
            "description": "Metadata node identifier.",
            "type": "string"
        },
        "@type": {
            "const": "https://openminds.ebrains.eu/computation/Simulation",
            "type": "string"
        },
        "https://openminds.ebrains.eu/vocab/customPropertySet": {
            "_type": "https://openminds.ebrains.eu/core/CustomPropertySet",
            "description": "Structured information about properties of an entity that are not represented in an openMINDS schema.",
            "properties": {
                "context": {
                    "_instruction": "Enter the common context for this custom property set.",
                    "title": "context",
                    "type": "string"
                },
                "dataLocation": {
                    "_instruction": "Add the location of the data that define the custom property set for the given context (e.g., stored as file or other entities such as property-value lists).",
                    "_linkedTypes": [
                        "https://openminds.ebrains.eu/core/Configuration",
                        "https://openminds.ebrains.eu/core/File",
                        "https://openminds.ebrains.eu/core/PropertyValueList"
                    ],
                    "title": "dataLocation"
                },
                "relevantFor": {
                    "_instruction": "Add the technique for which this custom property set is relevant.",
                    "_linkedTypes": [
                        "https://openminds.ebrains.eu/controlledTerms/StimulationApproach",
                        "https://openminds.ebrains.eu/controlledTerms/Technique",
                        "https://openminds.ebrains.eu/controlledTerms/AnalysisTechnique",
                        "https://openminds.ebrains.eu/controlledTerms/StimulationTechnique"
                    ],
                    "description": "Reference to what or whom something or someone bears siginificance.",
                    "title": "relevantFor"
                }
            },
            "required": [
                "context",
                "dataLocation",
                "relevantFor"
            ],
            "type": "object"
        },
        "https://openminds.ebrains.eu/vocab/description": {
            "_instruction": "Enter a description of this activity.",
            "description": "Longer statement or account giving the characteristics of someone or something.",
            "title": "description",
            "type": "string"
        },
        "https://openminds.ebrains.eu/vocab/endTime": {
            "_instruction": "Enter the date and/or time on when this activity ended, formatted as either '2023-02-07T16:00:00+00:00' (date-time) or '16:00:00+00:00' (time).",
            "anyOf": [
                {
                    "format": "date-time"
                },
                {
                    "format": "time"
                }
            ],
            "title": "endTime",
            "type": "string"
        },
        "https://openminds.ebrains.eu/vocab/environment": {
            "_instruction": "Add the computational environment in which this computation was executed.",
            "else": {
                "properties": {
                    "@id": {
                        "format": "iri",
                        "type": "string"
                    }
                },
                "required": [
                    "@id"
                ]
            },
            "if": {
                "required": [
                    "@type"
                ]
            },
            "then": {
                "properties": {
                    "@id": {
                        "format": "iri",
                        "type": "string"
                    },
                    "@type": {
                        "enum": [
                            "https://openminds.ebrains.eu/computation/Environment",
                            "https://openminds.ebrains.eu/core/WebServiceVersion"
                        ],
                        "format": "iri",
                        "type": "string"
                    }
                },
                "required": [
                    "@id"
                ]
            },
            "title": "environment",
            "type": "object"
        },
        "https://openminds.ebrains.eu/vocab/input": {
            "_instruction": "Add all inputs used by this activity.",
            "description": "Something or someone that is put into or participates in a process or machine.",
            "items": {
                "else": {
                    "properties": {
                        "@id": {
                            "format": "iri",
                            "type": "string"
                        }
                    },
                    "required": [
                        "@id"
                    ]
                },
                "if": {
                    "required": [
                        "@type"
                    ]
                },
                "then": {
                    "properties": {
                        "@id": {
                            "format": "iri",
                            "type": "string"
                        },
                        "@type": {
                            "enum": [
                                "https://openminds.ebrains.eu/computation/LocalFile",
                                "https://openminds.ebrains.eu/core/File",
                                "https://openminds.ebrains.eu/core/FileBundle",
                                "https://openminds.ebrains.eu/core/ModelVersion",
                                "https://openminds.ebrains.eu/core/SoftwareVersion"
                            ],
                            "format": "iri",
                            "type": "string"
                        }
                    },
                    "required": [
                        "@id"
                    ]
                }
            },
            "minItems": 1,
            "title": "input",
            "type": "array",
            "uniqueItems": true
        },
        "https://openminds.ebrains.eu/vocab/launchConfiguration": {
            "_instruction": "Add the launch configuration of this computation (e.g., command-line arguments).",
            "else": {
                "properties": {
                    "@id": {
                        "format": "iri",
                        "type": "string"
                    }
                },
                "required": [
                    "@id"
                ]
            },
            "if": {
                "required": [
                    "@type"
                ]
            },
            "then": {
                "properties": {
                    "@id": {
                        "format": "iri",
                        "type": "string"
                    },
                    "@type": {
                        "enum": [
                            "https://openminds.ebrains.eu/computation/LaunchConfiguration"
                        ],
                        "format": "iri",
                        "type": "string"
                    }
                },
                "required": [
                    "@id"
                ]
            },
            "title": "launchConfiguration",
            "type": "object"
        },
        "https://openminds.ebrains.eu/vocab/lookupLabel": {
            "_instruction": "Enter a lookup label for this activity that may help you to find this instance more easily.",
            "title": "lookupLabel",
            "type": "string"
        },
        "https://openminds.ebrains.eu/vocab/output": {
            "_instruction": "Add all outputs generated by this activity.",
            "description": "Something or someone that comes out of, is delivered or produced by a process or machine.",
            "items": {
                "else": {
                    "properties": {
                        "@id": {
                            "format": "iri",
                            "type": "string"
                        }
                    },
                    "required": [
                        "@id"
                    ]
                },
                "if": {
                    "required": [
                        "@type"
                    ]
                },
                "then": {
                    "properties": {
                        "@id": {
                            "format": "iri",
                            "type": "string"
                        },
                        "@type": {
                            "enum": [
                                "https://openminds.ebrains.eu/computation/LocalFile",
                                "https://openminds.ebrains.eu/core/File",
                                "https://openminds.ebrains.eu/core/FileArchive",
                                "https://openminds.ebrains.eu/core/FileBundle"
                            ],
                            "format": "iri",
                            "type": "string"
                        }
                    },
                    "required": [
                        "@id"
                    ]
                }
            },
            "minItems": 1,
            "title": "output",
            "type": "array",
            "uniqueItems": true
        },
        "https://openminds.ebrains.eu/vocab/performedBy": {
            "_instruction": "Add all agents that performed this activity.",
            "items": {
                "else": {
                    "properties": {
                        "@id": {
                            "format": "iri",
                            "type": "string"
                        }
                    },
                    "required": [
                        "@id"
                    ]
                },
                "if": {
                    "required": [
                        "@type"
                    ]
                },
                "then": {
                    "properties": {
                        "@id": {
                            "format": "iri",
                            "type": "string"
                        },
                        "@type": {
                            "enum": [
                                "https://openminds.ebrains.eu/computation/SoftwareAgent",
                                "https://openminds.ebrains.eu/core/Person"
                            ],
                            "format": "iri",
                            "type": "string"
                        }
                    },
                    "required": [
                        "@id"
                    ]
                }
            },
            "minItems": 1,
            "title": "performedBy",
            "type": "array",
            "uniqueItems": true
        },
        "https://openminds.ebrains.eu/vocab/recipe": {
            "_instruction": "Add the workflow recipe version used for this computation.",
            "else": {
                "properties": {
                    "@id": {
                        "format": "iri",
                        "type": "string"
                    }
                },
                "required": [
                    "@id"
                ]
            },
            "if": {
                "required": [
                    "@type"
                ]
            },
            "then": {
                "properties": {
                    "@id": {
                        "format": "iri",
                        "type": "string"
                    },
                    "@type": {
                        "enum": [
                            "https://openminds.ebrains.eu/computation/WorkflowRecipeVersion"
                        ],
                        "format": "iri",
                        "type": "string"
                    }
                },
                "required": [
                    "@id"
                ]
            },
            "title": "recipe",
            "type": "object"
        },
        "https://openminds.ebrains.eu/vocab/resourceUsage": {
            "anyOf": [
                {
                    "_type": "https://openminds.ebrains.eu/core/QuantitativeValue",
                    "description": "Structured information on a quantitative value.",
                    "properties": {
                        "typeOfUncertainty": {
                            "_instruction": "Add the type of uncertainty used to determine the uncertainity for this quantitative value.",
                            "_linkedTypes": [
                                "https://openminds.ebrains.eu/controlledTerms/TypeOfUncertainty"
                            ],
                            "description": "Distinct technique used to quantify the uncertainty of a measurement.",
                            "title": "typeOfUncertainty"
                        },
                        "uncertainty": {
                            "_instruction": "Enter the uncertainty of this quantitative value.",
                            "description": "Quantitative value range defining the uncertainty of a measurement.",
                            "items": {
                                "type": "number"
                            },
                            "maxItems": 2,
                            "minItems": 2,
                            "title": "uncertainty",
                            "type": "array"
                        },
                        "unit": {
                            "_instruction": "Add the unit of measurement of this quantitative value and its uncertainty.",
                            "_linkedTypes": [
                                "https://openminds.ebrains.eu/controlledTerms/UnitOfMeasurement"
                            ],
                            "description": "Determinate quantity adopted as a standard of measurement.",
                            "title": "unit"
                        },
                        "value": {
                            "_instruction": "Enter the value of this quantitative value.",
                            "description": "Entry for a property.",
                            "title": "value",
                            "type": "number"
                        }
                    },
                    "required": [
                        "value"
                    ],
                    "type": "object"
                },
                {
                    "_type": "https://openminds.ebrains.eu/core/QuantitativeValueRange",
                    "description": "A representation of a range of quantitative values.",
                    "properties": {
                        "maxValue": {
                            "_instruction": "Enter the maximum value.",
                            "description": "Greatest quantity attained or allowed.",
                            "title": "maxValue",
                            "type": "number"
                        },
                        "maxValueUnit": {
                            "_instruction": "Add the unit of measurement for the maximum value.",
                            "_linkedTypes": [
                                "https://openminds.ebrains.eu/controlledTerms/UnitOfMeasurement"
                            ],
                            "title": "maxValueUnit"
                        },
                        "minValue": {
                            "_instruction": "Enter the minimum value.",
                            "description": "Smallest quantity attained or allowed.",
                            "title": "minValue",
                            "type": "number"
                        },
                        "minValueUnit": {
                            "_instruction": "Add the unit of measurement for the minimum value.",
                            "_linkedTypes": [
                                "https://openminds.ebrains.eu/controlledTerms/UnitOfMeasurement"
                            ],
                            "title": "minValueUnit"
                        }
                    },
                    "required": [
                        "maxValue",
                        "minValue"
                    ],
                    "type": "object"
                }
            ]
        },
        "https://openminds.ebrains.eu/vocab/startTime": {
            "_instruction": "Enter the date and/or time on when this activity started, formatted as either '2023-02-07T16:00:00+00:00' (date-time) or '16:00:00+00:00' (time).",
            "anyOf": [
                {
                    "format": "date-time"
                },
                {
                    "format": "time"
                }
            ],
            "title": "startTime",
            "type": "string"
        },
        "https://openminds.ebrains.eu/vocab/startedBy": {
            "_instruction": "Add the agent that started this computation.",
            "else": {
                "properties": {
                    "@id": {
                        "format": "iri",
                        "type": "string"
                    }
                },
                "required": [
                    "@id"
                ]
            },
            "if": {
                "required": [
                    "@type"
                ]
            },
            "then": {
                "properties": {
                    "@id": {
                        "format": "iri",
                        "type": "string"
                    },
                    "@type": {
                        "enum": [
                            "https://openminds.ebrains.eu/computation/SoftwareAgent",
                            "https://openminds.ebrains.eu/core/Person"
                        ],
                        "format": "iri",
                        "type": "string"
                    }
                },
                "required": [
                    "@id"
                ]
            },
            "title": "startedBy",
            "type": "object"
        },
        "https://openminds.ebrains.eu/vocab/status": {
            "_instruction": "Enter the current status of this computation.",
            "else": {
                "properties": {
                    "@id": {
                        "format": "iri",
                        "type": "string"
                    }
                },
                "required": [
                    "@id"
                ]
            },
            "if": {
                "required": [
                    "@type"
                ]
            },
            "then": {
                "properties": {
                    "@id": {
                        "format": "iri",
                        "type": "string"
                    },
                    "@type": {
                        "enum": [
                            "https://openminds.ebrains.eu/controlledTerms/ActionStatusType"
                        ],
                        "format": "iri",
                        "type": "string"
                    }
                },
                "required": [
                    "@id"
                ]
            },
            "title": "status",
            "type": "object"
        },
        "https://openminds.ebrains.eu/vocab/studyTarget": {
            "_instruction": "Add all study targets of this activity.",
            "description": "Structure or function that was targeted within a study.",
            "items": {
                "else": {
                    "properties": {
                        "@id": {
                            "format": "iri",
                            "type": "string"
                        }
                    },
                    "required": [
                        "@id"
                    ]
                },
                "if": {
                    "required": [
                        "@type"
                    ]
                },
                "then": {
                    "properties": {
                        "@id": {
                            "format": "iri",
                            "type": "string"
                        },
                        "@type": {
                            "enum": [
                                "https://openminds.ebrains.eu/sands/ParcellationEntity",
                                "https://openminds.ebrains.eu/sands/ParcellationEntityVersion",
                                "https://openminds.ebrains.eu/sands/CustomAnatomicalEntity",
                                "https://openminds.ebrains.eu/controlledTerms/BreedingType",
                                "https://openminds.ebrains.eu/controlledTerms/AuditoryStimulusType",
                                "https://openminds.ebrains.eu/controlledTerms/Organ",
                                "https://openminds.ebrains.eu/controlledTerms/OrganismSubstance",
                                "https://openminds.ebrains.eu/controlledTerms/Handedness",
                                "https://openminds.ebrains.eu/controlledTerms/UBERONParcellation",
                                "https://openminds.ebrains.eu/controlledTerms/BiologicalSex",
                                "https://openminds.ebrains.eu/controlledTerms/TermSuggestion",
                                "https://openminds.ebrains.eu/controlledTerms/MolecularEntity",
                                "https://openminds.ebrains.eu/controlledTerms/GeneticStrainType",
                                "https://openminds.ebrains.eu/controlledTerms/CellCultureType",
                                "https://openminds.ebrains.eu/controlledTerms/SubcellularEntity",
                                "https://openminds.ebrains.eu/controlledTerms/TactileStimulusType",
                                "https://openminds.ebrains.eu/controlledTerms/VisualStimulusType",
                                "https://openminds.ebrains.eu/controlledTerms/ElectricalStimulusType",
                                "https://openminds.ebrains.eu/controlledTerms/Species",
                                "https://openminds.ebrains.eu/controlledTerms/OpticalStimulusType",
                                "https://openminds.ebrains.eu/controlledTerms/Disease",
                                "https://openminds.ebrains.eu/controlledTerms/CellType",
                                "https://openminds.ebrains.eu/controlledTerms/OlfactoryStimulusType",
                                "https://openminds.ebrains.eu/controlledTerms/GustatoryStimulusType",
                                "https://openminds.ebrains.eu/controlledTerms/DiseaseModel",
                                "https://openminds.ebrains.eu/controlledTerms/BiologicalOrder",
                                "https://openminds.ebrains.eu/controlledTerms/OrganismSystem"
                            ],
                            "format": "iri",
                            "type": "string"
                        }
                    },
                    "required": [
                        "@id"
                    ]
                }
            },
            "minItems": 1,
            "title": "studyTarget",
            "type": "array",
            "uniqueItems": true
        },
        "https://openminds.ebrains.eu/vocab/tag": {
            "_instruction": "Enter any custom tags for this computation.",
            "items": {
                "type": "string"
            },
            "minItems": 1,
            "title": "tag",
            "type": "array",
            "uniqueItems": true
        },
        "https://openminds.ebrains.eu/vocab/technique": {
            "_instruction": "Add all analysis techniques that were used in this computation.",
            "description": "Method of accomplishing a desired aim.",
            "items": {
                "else": {
                    "properties": {
                        "@id": {
                            "format": "iri",
                            "type": "string"
                        }
                    },
                    "required": [
                        "@id"
                    ]
                },
                "if": {
                    "required": [
                        "@type"
                    ]
                },
                "then": {
                    "properties": {
                        "@id": {
                            "format": "iri",
                            "type": "string"
                        },
                        "@type": {
                            "enum": [
                                "https://openminds.ebrains.eu/controlledTerms/AnalysisTechnique"
                            ],
                            "format": "iri",
                            "type": "string"
                        }
                    },
                    "required": [
                        "@id"
                    ]
                }
            },
            "minItems": 1,
            "title": "technique",
            "type": "array",
            "uniqueItems": true
        },
        "https://openminds.ebrains.eu/vocab/wasInformedBy": {
            "_instruction": "Add another computation that sent data to this one during runtime.",
            "else": {
                "properties": {
                    "@id": {
                        "format": "iri",
                        "type": "string"
                    }
                },
                "required": [
                    "@id"
                ]
            },
            "if": {
                "required": [
                    "@type"
                ]
            },
            "then": {
                "properties": {
                    "@id": {
                        "format": "iri",
                        "type": "string"
                    },
                    "@type": {
                        "enum": [
                            "https://openminds.ebrains.eu/computation/Visualization",
                            "https://openminds.ebrains.eu/computation/GenericComputation",
                            "https://openminds.ebrains.eu/computation/Optimization",
                            "https://openminds.ebrains.eu/computation/DataCopy",
                            "https://openminds.ebrains.eu/computation/DataAnalysis",
                            "https://openminds.ebrains.eu/computation/Simulation",
                            "https://openminds.ebrains.eu/computation/ModelValidation"
                        ],
                        "format": "iri",
                        "type": "string"
                    }
                },
                "required": [
                    "@id"
                ]
            },
            "title": "wasInformedBy",
            "type": "object"
        }
    },
    "required": [
        "https://openminds.ebrains.eu/vocab/environment",
        "@type",
        "https://openminds.ebrains.eu/vocab/startTime",
        "https://openminds.ebrains.eu/vocab/input",
        "@id",
        "https://openminds.ebrains.eu/vocab/output"
    ],
    "type": "object"
}