{
    "_type": "https://openminds.ebrains.eu/core/SoftwareVersion",
    "required": [
        "versionInnovation",
        "operatingSystem",
        "versionIdentifier",
        "releaseDate",
        "applicationCategory",
        "accessibility",
        "programmingLanguage",
        "fullDocumentation",
        "license",
        "device",
        "language",
        "shortName",
        "feature"
    ],
    "properties": {
        "applicationCategory": {
            "type": "array",
            "minItems": 1,
            "uniqueItems": true,
            "_instruction": "Add all categories to which this software version belongs.",
            "_linkedTypes": [
                "https://openminds.ebrains.eu/controlledTerms/SoftwareApplicationCategory"
            ],
            "description": "Distinct class that groups software programs which perform a similar task or set of tasks.",
            "title": "applicationCategory"
        },
        "developer": {
            "type": "array",
            "minItems": 1,
            "uniqueItems": true,
            "_instruction": "If necessary, add one or several developers (person or organization) that contributed to the code implementation of this software version. Note that these developers will overwrite the once provided in the software product this version belongs to.",
            "_linkedTypes": [
                "https://openminds.ebrains.eu/core/Person",
                "https://openminds.ebrains.eu/core/Organization"
            ],
            "description": "Legal person that creates or improves products or services (e.g., software, applications, etc.).",
            "title": "developer"
        },
        "device": {
            "type": "array",
            "minItems": 1,
            "uniqueItems": true,
            "_instruction": "Add all hardware devices compatible with this software version.",
            "_linkedTypes": [
                "https://openminds.ebrains.eu/controlledTerms/OperatingDevice"
            ],
            "description": "Piece of equipment or mechanism (hardware) designed to serve a special purpose or perform a special function.",
            "title": "device"
        },
        "digitalIdentifier": {
            "_instruction": "Add the globally unique and persistent digital identifier of this research product version.",
            "_linkedTypes": [
                "https://openminds.ebrains.eu/core/DOI",
                "https://openminds.ebrains.eu/core/SWHID"
            ],
            "description": "Digital handle to identify objects or legal persons.",
            "title": "digitalIdentifier"
        },
        "hasComponent": {
            "type": "array",
            "minItems": 1,
            "uniqueItems": true,
            "_instruction": "Add all software versions that supplement this software version.",
            "_linkedTypes": [
                "https://openminds.ebrains.eu/core/SoftwareVersion"
            ],
            "description": "Reference to an element of a collection.",
            "title": "hasComponent"
        },
        "feature": {
            "type": "array",
            "minItems": 1,
            "uniqueItems": true,
            "_instruction": "Add all distinguishing characteristics of this software version (e.g. performance, portability, or functionality).",
            "_linkedTypes": [
                "https://openminds.ebrains.eu/controlledTerms/SoftwareFeature"
            ],
            "description": "Structure, form, or appearance that characterizes something or someone.",
            "title": "feature"
        },
        "requirement": {
            "type": "array",
            "minItems": 1,
            "uniqueItems": true,
            "_instruction": "Enter all requirements of this software version.",
            "items": {
                "type": "string"
            },
            "description": "Something essential to the existence, occurrence or function of something else.",
            "title": "requirement"
        },
        "inputFormat": {
            "type": "array",
            "minItems": 1,
            "uniqueItems": true,
            "_instruction": "Add the content types of all possible input formats for this software version.",
            "_linkedTypes": [
                "https://openminds.ebrains.eu/core/ContentType"
            ],
            "description": "Format of data that is put into a process or machine.",
            "title": "inputFormat"
        },
        "isAlternativeVersionOf": {
            "type": "array",
            "minItems": 1,
            "uniqueItems": true,
            "_instruction": "Add all software versions that can be used alternatively to this software version.",
            "_linkedTypes": [
                "https://openminds.ebrains.eu/core/SoftwareVersion"
            ],
            "description": "Reference to an original form where the essence was preserved, but presented in an alternative form.",
            "title": "isAlternativeVersionOf"
        },
        "isNewVersionOf": {
            "_instruction": "Add the software version preceding this software version.",
            "_linkedTypes": [
                "https://openminds.ebrains.eu/core/SoftwareVersion"
            ],
            "description": "Reference to a previous (potentially outdated) particular form of something.",
            "title": "isNewVersionOf"
        },
        "language": {
            "type": "array",
            "minItems": 1,
            "uniqueItems": true,
            "_instruction": "Add all languages supported by this software version.",
            "_linkedTypes": [
                "https://openminds.ebrains.eu/controlledTerms/Language"
            ],
            "description": "System of communication (words, their pronunciation, and the methods of combining them) used and understood by a particular community.",
            "title": "language"
        },
        "license": {
            "type": "array",
            "minItems": 1,
            "uniqueItems": true,
            "_instruction": "Add at least one license for this software version.",
            "_linkedTypes": [
                "https://openminds.ebrains.eu/core/License"
            ],
            "description": "Grant by a party to another party as an element of an agreement between those parties that permits to do, use, or own something.",
            "title": "license"
        },
        "operatingSystem": {
            "type": "array",
            "minItems": 1,
            "uniqueItems": true,
            "_instruction": "Add all operating systems supported by this software version.",
            "_linkedTypes": [
                "https://openminds.ebrains.eu/controlledTerms/OperatingSystem"
            ],
            "description": "Software that controls the operation of a computer and directs the processing of programs.",
            "title": "operatingSystem"
        },
        "outputFormat": {
            "type": "array",
            "minItems": 1,
            "uniqueItems": true,
            "_instruction": "Add the content types of all possible input formats for this software version.",
            "_linkedTypes": [
                "https://openminds.ebrains.eu/core/ContentType"
            ],
            "description": "Format of data that comes out of, is delivered or produced by a process or machine.",
            "title": "outputFormat"
        },
        "programmingLanguage": {
            "type": "array",
            "minItems": 1,
            "uniqueItems": true,
            "_instruction": "Add all programming languages used for this software version.",
            "_linkedTypes": [
                "https://openminds.ebrains.eu/controlledTerms/ProgrammingLanguage"
            ],
            "description": "Distinct set of instructions for computer programs in order to produce various kinds of output.",
            "title": "programmingLanguage"
        },
        "accessibility": {
            "_instruction": "Add the accessibility of the data for this research product version.",
            "_linkedTypes": [
                "https://openminds.ebrains.eu/controlledTerms/ProductAccessibility"
            ],
            "description": "Level to which something is accessible to someone or something.",
            "title": "accessibility"
        },
        "copyright": {
            "_instruction": "Add the copyright information of this research product version.",
            "_embeddedTypes": [
                "https://openminds.ebrains.eu/core/Copyright"
            ],
            "description": "Exclusive and assignable legal right of an originator to reproduce, publish, sell, or distribute the matter and form of a creative work for a defined time period.",
            "title": "copyright"
        },
        "custodian": {
            "type": "array",
            "minItems": 1,
            "uniqueItems": true,
            "_instruction": "Add one or several custodians (person or organization) that are responsible for this research product version.",
            "_linkedTypes": [
                "https://openminds.ebrains.eu/core/Person",
                "https://openminds.ebrains.eu/core/Organization"
            ],
            "description": "The 'custodian' is a legal person who is responsible for the content and quality of the data, metadata, and/or code of a research product.",
            "title": "custodian"
        },
        "description": {
            "type": "string",
            "maxLength": 2000,
            "_instruction": "If necessary, enter a version specific description (abstract) for this research product version (max. 2000 characters, incl. spaces; no references). If left blank, the research product version will inherit the 'description' of it's corresponding research product.",
            "description": "Longer statement or account giving the characteristics of someone or something.",
            "title": "description"
        },
        "fullDocumentation": {
            "_instruction": "Add the DOI, file or URL that points to a full documentation of this research product version.",
            "_linkedTypes": [
                "https://openminds.ebrains.eu/core/DOI",
                "https://openminds.ebrains.eu/core/File",
                "https://openminds.ebrains.eu/core/URL"
            ],
            "description": "Non-abridged instructions, comments, and information for using a particular product.",
            "title": "fullDocumentation"
        },
        "fullName": {
            "type": "string",
            "_instruction": "If necessary, enter a version specific descriptive full name (title) for this research product version. If left blank, the research product version will inherit the 'fullName' of it's corresponding research product.",
            "description": "Whole, non-abbreviated name of something or somebody.",
            "title": "fullName"
        },
        "funding": {
            "type": "array",
            "minItems": 1,
            "uniqueItems": true,
            "_instruction": "Add all funding information of this research product version.",
            "_linkedTypes": [
                "https://openminds.ebrains.eu/core/Funding"
            ],
            "description": "Money provided by a legal person for a particular purpose.",
            "title": "funding"
        },
        "homepage": {
            "_instruction": "Add the uniform resource locator (URL) to the homepage of this research product version.",
            "_linkedTypes": [
                "https://openminds.ebrains.eu/core/URL"
            ],
            "description": "Main website of something or someone.",
            "title": "homepage"
        },
        "howToCite": {
            "type": "string",
            "_instruction": "Enter the preferred citation text for this research product version. Leave blank if citation text can be extracted from the assigned digital identifier.",
            "description": "Preferred format for citing a particular object or legal person.",
            "title": "howToCite"
        },
        "keyword": {
            "type": "array",
            "maxItems": 5,
            "minItems": 1,
            "uniqueItems": true,
            "_instruction": "Enter custom keywords to this research product version.",
            "items": {
                "type": "string"
            },
            "description": "Significant word or concept that are representative of something or someone.",
            "title": "keyword"
        },
        "otherContribution": {
            "type": "array",
            "minItems": 1,
            "uniqueItems": true,
            "_instruction": "Add the contributions for each involved person or organization going beyond being an author, custodian or developer of this research product version.",
            "_embeddedTypes": [
                "https://openminds.ebrains.eu/core/Contribution"
            ],
            "description": "Giving or supplying of something (such as money or time) as a part or share other than what is covered elsewhere.",
            "title": "otherContribution"
        },
        "relatedPublication": {
            "type": "array",
            "minItems": 1,
            "uniqueItems": true,
            "_instruction": "Add further publications besides the documentation (e.g. an original research article) providing the original context for the production of this research product version.",
            "_linkedTypes": [
                "https://openminds.ebrains.eu/core/DOI",
                "https://openminds.ebrains.eu/core/ISBN"
            ],
            "description": "Reference to something that was made available for the general public to see or buy.",
            "title": "relatedPublication"
        },
        "releaseDate": {
            "_formats": [
                "date"
            ],
            "type": "string",
            "_instruction": "Enter the date (actual or intended) of the first broadcast/publication of this research product version.",
            "description": "Fixed date on which a product is due to become or was made available for the general public to see or buy",
            "title": "releaseDate"
        },
        "repository": {
            "_instruction": "Add the file repository of this research product version.",
            "_linkedTypes": [
                "https://openminds.ebrains.eu/core/FileRepository"
            ],
            "description": "Place, room, or container where something is deposited or stored.",
            "title": "repository"
        },
        "shortName": {
            "type": "string",
            "maxLength": 30,
            "_instruction": "Enter a short name (alias) for this research product version (max. 30 characters, no space).",
            "description": "Shortened or fully abbreviated name of something or somebody.",
            "title": "shortName"
        },
        "supportChannel": {
            "type": "array",
            "minItems": 1,
            "uniqueItems": true,
            "_instruction": "Enter all channels through which a user can receive support for handling this research product.",
            "items": {
                "_formats": [
                    "email",
                    "iri"
                ],
                "type": "string"
            },
            "description": "Way of communication used to interact with users or customers.",
            "title": "supportChannel"
        },
        "versionIdentifier": {
            "type": "string",
            "_instruction": "Enter the version identifier of this research product version.",
            "description": "Term or code used to identify the version of something.",
            "title": "versionIdentifier"
        },
        "versionInnovation": {
            "type": "string",
            "_instruction": "Enter a summary/description of the novelties/peculiarities of this research product version in comparison to other versions of it's research product. If this research product version is the first released version, you can enter the following disclaimer 'This is the first version of this research product.'",
            "description": "Documentation on what changed in comparison to a previously published form of something.",
            "title": "versionInnovation"
        }
    }
}