{
    "$id": "https://openminds.ebrains.eu/sands/atlasAnnotation?format=json-schema",
    "$schema": "http://json-schema.org/draft-07/schema#",
    "_deprecated": true,
    "_type": "https://openminds.ebrains.eu/sands/AtlasAnnotation",
    "properties": {
        "@id": {
            "description": "Metadata node identifier.",
            "type": "string"
        },
        "@type": {
            "const": "https://openminds.ebrains.eu/sands/AtlasAnnotation",
            "type": "string"
        },
        "https://openminds.ebrains.eu/vocab/anchorPoint": {
            "_type": "https://openminds.ebrains.eu/sands/CoordinatePoint",
            "description": "Structured information on a coordinate point.",
            "properties": {
                "coordinateSpace": {
                    "_instruction": "Add the coordinate space in which this coordinate point exists in.",
                    "_linkedTypes": [
                        "https://openminds.ebrains.eu/sands/CommonCoordinateSpaceVersion",
                        "https://openminds.ebrains.eu/sands/CustomCoordinateSpace"
                    ],
                    "description": "Two or three dimensional geometric setting.",
                    "title": "coordinateSpace"
                },
                "coordinates": {
                    "_type": "https://openminds.ebrains.eu/core/QuantitativeValue",
                    "description": "Structured information on a quantitative value.",
                    "properties": {
                        "typeOfUncertainty": {
                            "_instruction": "Add the type of uncertainty used to determine the uncertainity for this quantitative value.",
                            "_linkedTypes": [
                                "https://openminds.ebrains.eu/controlledTerms/TypeOfUncertainty"
                            ],
                            "description": "Distinct technique used to quantify the uncertainty of a measurement.",
                            "title": "typeOfUncertainty"
                        },
                        "uncertainty": {
                            "_instruction": "Enter the uncertainty of this quantitative value.",
                            "description": "Quantitative value range defining the uncertainty of a measurement.",
                            "items": {
                                "type": "number"
                            },
                            "maxItems": 2,
                            "minItems": 2,
                            "title": "uncertainty",
                            "type": "array"
                        },
                        "unit": {
                            "_instruction": "Add the unit of measurement of this quantitative value and its uncertainty.",
                            "_linkedTypes": [
                                "https://openminds.ebrains.eu/controlledTerms/UnitOfMeasurement"
                            ],
                            "description": "Determinate quantity adopted as a standard of measurement.",
                            "title": "unit"
                        },
                        "value": {
                            "_instruction": "Enter the value of this quantitative value.",
                            "description": "Entry for a property.",
                            "title": "value",
                            "type": "number"
                        }
                    },
                    "required": [
                        "value"
                    ],
                    "type": "object"
                }
            },
            "required": [
                "coordinates",
                "coordinateSpace"
            ],
            "type": "object"
        },
        "https://openminds.ebrains.eu/vocab/coordinateSpace": {
            "_instruction": "Add the common coordinate space version for this annotation.",
            "description": "Two or three dimensional geometric setting.",
            "else": {
                "properties": {
                    "@id": {
                        "format": "iri",
                        "type": "string"
                    }
                },
                "required": [
                    "@id"
                ]
            },
            "if": {
                "required": [
                    "@type"
                ]
            },
            "then": {
                "properties": {
                    "@id": {
                        "format": "iri",
                        "type": "string"
                    },
                    "@type": {
                        "enum": [
                            "https://openminds.ebrains.eu/sands/CommonCoordinateSpaceVersion"
                        ],
                        "format": "iri",
                        "type": "string"
                    }
                },
                "required": [
                    "@id"
                ]
            },
            "title": "coordinateSpace",
            "type": "object"
        },
        "https://openminds.ebrains.eu/vocab/criteria": {
            "_instruction": "Add the protocol execution defining the criteria that were applied to produce this annotation.",
            "description": "Aspects or standards on which a judgement or decision is based.",
            "else": {
                "properties": {
                    "@id": {
                        "format": "iri",
                        "type": "string"
                    }
                },
                "required": [
                    "@id"
                ]
            },
            "if": {
                "required": [
                    "@type"
                ]
            },
            "then": {
                "properties": {
                    "@id": {
                        "format": "iri",
                        "type": "string"
                    },
                    "@type": {
                        "enum": [
                            "https://openminds.ebrains.eu/core/ProtocolExecution"
                        ],
                        "format": "iri",
                        "type": "string"
                    }
                },
                "required": [
                    "@id"
                ]
            },
            "title": "criteria",
            "type": "object"
        },
        "https://openminds.ebrains.eu/vocab/criteriaQualityType": {
            "_instruction": "Add the quality type of the stated criteria used to define this annotation.",
            "description": "Distinct class that defines how the judgement or decision was made for a particular criteria.",
            "else": {
                "properties": {
                    "@id": {
                        "format": "iri",
                        "type": "string"
                    }
                },
                "required": [
                    "@id"
                ]
            },
            "if": {
                "required": [
                    "@type"
                ]
            },
            "then": {
                "properties": {
                    "@id": {
                        "format": "iri",
                        "type": "string"
                    },
                    "@type": {
                        "enum": [
                            "https://openminds.ebrains.eu/controlledTerms/CriteriaQualityType"
                        ],
                        "format": "iri",
                        "type": "string"
                    }
                },
                "required": [
                    "@id"
                ]
            },
            "title": "criteriaQualityType",
            "type": "object"
        },
        "https://openminds.ebrains.eu/vocab/criteriaType": {
            "_instruction": "Add the criteria type for this annotation.",
            "else": {
                "properties": {
                    "@id": {
                        "format": "iri",
                        "type": "string"
                    }
                },
                "required": [
                    "@id"
                ]
            },
            "if": {
                "required": [
                    "@type"
                ]
            },
            "then": {
                "properties": {
                    "@id": {
                        "format": "iri",
                        "type": "string"
                    },
                    "@type": {
                        "enum": [
                            "https://openminds.ebrains.eu/controlledTerms/AnnotationCriteriaType"
                        ],
                        "format": "iri",
                        "type": "string"
                    }
                },
                "required": [
                    "@id"
                ]
            },
            "title": "criteriaType",
            "type": "object"
        },
        "https://openminds.ebrains.eu/vocab/inspiredBy": {
            "_instruction": "Add one or several (source) files that inspired the definition of this annotation.",
            "description": "Reference to an inspiring element.",
            "items": {
                "else": {
                    "properties": {
                        "@id": {
                            "format": "iri",
                            "type": "string"
                        }
                    },
                    "required": [
                        "@id"
                    ]
                },
                "if": {
                    "required": [
                        "@type"
                    ]
                },
                "then": {
                    "properties": {
                        "@id": {
                            "format": "iri",
                            "type": "string"
                        },
                        "@type": {
                            "enum": [
                                "https://openminds.ebrains.eu/core/File"
                            ],
                            "format": "iri",
                            "type": "string"
                        }
                    },
                    "required": [
                        "@id"
                    ]
                }
            },
            "minItems": 1,
            "title": "inspiredBy",
            "type": "array",
            "uniqueItems": true
        },
        "https://openminds.ebrains.eu/vocab/internalIdentifier": {
            "_instruction": "Enter the identifier used for this annotation within the file it is stored in.",
            "description": "Term or code that identifies someone or something within a particular product.",
            "title": "internalIdentifier",
            "type": "string"
        },
        "https://openminds.ebrains.eu/vocab/laterality": {
            "_instruction": "Add one or both sides of the body, bilateral organ or bilateral organ part that this annotation is defined in.",
            "description": "Differentiation between a pair of lateral homologous parts of the body.",
            "items": {
                "else": {
                    "properties": {
                        "@id": {
                            "format": "iri",
                            "type": "string"
                        }
                    },
                    "required": [
                        "@id"
                    ]
                },
                "if": {
                    "required": [
                        "@type"
                    ]
                },
                "then": {
                    "properties": {
                        "@id": {
                            "format": "iri",
                            "type": "string"
                        },
                        "@type": {
                            "enum": [
                                "https://openminds.ebrains.eu/controlledTerms/Laterality"
                            ],
                            "format": "iri",
                            "type": "string"
                        }
                    },
                    "required": [
                        "@id"
                    ]
                }
            },
            "maxItems": 2,
            "minItems": 1,
            "title": "laterality",
            "type": "array",
            "uniqueItems": true
        },
        "https://openminds.ebrains.eu/vocab/preferredVisualization": {
            "_type": "https://openminds.ebrains.eu/sands/ViewerSpecification",
            "properties": {
                "additionalRemarks": {
                    "_instruction": "Enter any additional remarks concerning this viewer specification.",
                    "description": "Mention of what deserves additional attention or notice.",
                    "title": "additionalRemarks",
                    "type": "string"
                },
                "anchorPoint": {
                    "_type": "https://openminds.ebrains.eu/sands/CoordinatePoint",
                    "description": "Structured information on a coordinate point.",
                    "properties": {
                        "coordinateSpace": {
                            "_instruction": "Add the coordinate space in which this coordinate point exists in.",
                            "_linkedTypes": [
                                "https://openminds.ebrains.eu/sands/CommonCoordinateSpaceVersion",
                                "https://openminds.ebrains.eu/sands/CustomCoordinateSpace"
                            ],
                            "description": "Two or three dimensional geometric setting.",
                            "title": "coordinateSpace"
                        },
                        "coordinates": {
                            "_type": "https://openminds.ebrains.eu/core/QuantitativeValue",
                            "description": "Structured information on a quantitative value.",
                            "properties": {
                                "typeOfUncertainty": {
                                    "_instruction": "Add the type of uncertainty used to determine the uncertainity for this quantitative value.",
                                    "_linkedTypes": [
                                        "https://openminds.ebrains.eu/controlledTerms/TypeOfUncertainty"
                                    ],
                                    "description": "Distinct technique used to quantify the uncertainty of a measurement.",
                                    "title": "typeOfUncertainty"
                                },
                                "uncertainty": {
                                    "_instruction": "Enter the uncertainty of this quantitative value.",
                                    "description": "Quantitative value range defining the uncertainty of a measurement.",
                                    "items": {
                                        "type": "number"
                                    },
                                    "maxItems": 2,
                                    "minItems": 2,
                                    "title": "uncertainty",
                                    "type": "array"
                                },
                                "unit": {
                                    "_instruction": "Add the unit of measurement of this quantitative value and its uncertainty.",
                                    "_linkedTypes": [
                                        "https://openminds.ebrains.eu/controlledTerms/UnitOfMeasurement"
                                    ],
                                    "description": "Determinate quantity adopted as a standard of measurement.",
                                    "title": "unit"
                                },
                                "value": {
                                    "_instruction": "Enter the value of this quantitative value.",
                                    "description": "Entry for a property.",
                                    "title": "value",
                                    "type": "number"
                                }
                            },
                            "required": [
                                "value"
                            ],
                            "type": "object"
                        }
                    },
                    "required": [
                        "coordinates",
                        "coordinateSpace"
                    ],
                    "type": "object"
                },
                "cameraPosition": {
                    "_type": "https://openminds.ebrains.eu/sands/CoordinatePoint",
                    "description": "Structured information on a coordinate point.",
                    "properties": {
                        "coordinateSpace": {
                            "_instruction": "Add the coordinate space in which this coordinate point exists in.",
                            "_linkedTypes": [
                                "https://openminds.ebrains.eu/sands/CommonCoordinateSpaceVersion",
                                "https://openminds.ebrains.eu/sands/CustomCoordinateSpace"
                            ],
                            "description": "Two or three dimensional geometric setting.",
                            "title": "coordinateSpace"
                        },
                        "coordinates": {
                            "_type": "https://openminds.ebrains.eu/core/QuantitativeValue",
                            "description": "Structured information on a quantitative value.",
                            "properties": {
                                "typeOfUncertainty": {
                                    "_instruction": "Add the type of uncertainty used to determine the uncertainity for this quantitative value.",
                                    "_linkedTypes": [
                                        "https://openminds.ebrains.eu/controlledTerms/TypeOfUncertainty"
                                    ],
                                    "description": "Distinct technique used to quantify the uncertainty of a measurement.",
                                    "title": "typeOfUncertainty"
                                },
                                "uncertainty": {
                                    "_instruction": "Enter the uncertainty of this quantitative value.",
                                    "description": "Quantitative value range defining the uncertainty of a measurement.",
                                    "items": {
                                        "type": "number"
                                    },
                                    "maxItems": 2,
                                    "minItems": 2,
                                    "title": "uncertainty",
                                    "type": "array"
                                },
                                "unit": {
                                    "_instruction": "Add the unit of measurement of this quantitative value and its uncertainty.",
                                    "_linkedTypes": [
                                        "https://openminds.ebrains.eu/controlledTerms/UnitOfMeasurement"
                                    ],
                                    "description": "Determinate quantity adopted as a standard of measurement.",
                                    "title": "unit"
                                },
                                "value": {
                                    "_instruction": "Enter the value of this quantitative value.",
                                    "description": "Entry for a property.",
                                    "title": "value",
                                    "type": "number"
                                }
                            },
                            "required": [
                                "value"
                            ],
                            "type": "object"
                        }
                    },
                    "required": [
                        "coordinates",
                        "coordinateSpace"
                    ],
                    "type": "object"
                },
                "preferredDisplayColor": {
                    "_instruction": "Add the preferred color that a viewer should display.",
                    "_linkedTypes": [
                        "https://openminds.ebrains.eu/sands/SingleColor"
                    ],
                    "title": "preferredDisplayColor"
                }
            },
            "required": [
                "anchorPoint"
            ],
            "type": "object"
        },
        "https://openminds.ebrains.eu/vocab/specification": {
            "_instruction": "Add the non-parametric specification of this annotation.",
            "description": "Detailed and precise presentation of, or proposal for something.",
            "else": {
                "properties": {
                    "@id": {
                        "format": "iri",
                        "type": "string"
                    }
                },
                "required": [
                    "@id"
                ]
            },
            "if": {
                "required": [
                    "@type"
                ]
            },
            "then": {
                "properties": {
                    "@id": {
                        "format": "iri",
                        "type": "string"
                    },
                    "@type": {
                        "enum": [
                            "https://openminds.ebrains.eu/core/File"
                        ],
                        "format": "iri",
                        "type": "string"
                    }
                },
                "required": [
                    "@id"
                ]
            },
            "title": "specification",
            "type": "object"
        },
        "https://openminds.ebrains.eu/vocab/type": {
            "_instruction": "Add the geometry type of this annotation.",
            "description": "Distinct class to which a group of entities or concepts with similar characteristics or attributes belong to.",
            "else": {
                "properties": {
                    "@id": {
                        "format": "iri",
                        "type": "string"
                    }
                },
                "required": [
                    "@id"
                ]
            },
            "if": {
                "required": [
                    "@type"
                ]
            },
            "then": {
                "properties": {
                    "@id": {
                        "format": "iri",
                        "type": "string"
                    },
                    "@type": {
                        "enum": [
                            "https://openminds.ebrains.eu/controlledTerms/AnnotationType"
                        ],
                        "format": "iri",
                        "type": "string"
                    }
                },
                "required": [
                    "@id"
                ]
            },
            "title": "type",
            "type": "object"
        }
    },
    "required": [
        "@id",
        "@type",
        "https://openminds.ebrains.eu/vocab/criteriaType",
        "https://openminds.ebrains.eu/vocab/criteriaQualityType",
        "https://openminds.ebrains.eu/vocab/coordinateSpace",
        "https://openminds.ebrains.eu/vocab/type"
    ],
    "type": "object"
}