{
    "$id": "https://openminds.ebrains.eu/sands/brainAtlas?format=json-schema",
    "$schema": "http://json-schema.org/draft-07/schema#",
    "_categories": [
        "researchProduct"
    ],
    "_type": "https://openminds.ebrains.eu/sands/BrainAtlas",
    "description": "Structured information on a brain atlas (concept level).",
    "properties": {
        "@id": {
            "description": "Metadata node identifier.",
            "type": "string"
        },
        "@type": {
            "const": "https://openminds.ebrains.eu/sands/BrainAtlas",
            "type": "string"
        },
        "https://openminds.ebrains.eu/vocab/abbreviation": {
            "_instruction": "Enter the official abbreviation of this brain atlas.",
            "title": "abbreviation",
            "type": "string"
        },
        "https://openminds.ebrains.eu/vocab/author": {
            "_instruction": "Add all parties that contributed to this brain atlas as authors.",
            "description": "Creator of a literary or creative work, as well as a dataset publication.",
            "items": {
                "else": {
                    "properties": {
                        "@id": {
                            "format": "iri",
                            "type": "string"
                        }
                    },
                    "required": [
                        "@id"
                    ]
                },
                "if": {
                    "required": [
                        "@type"
                    ]
                },
                "then": {
                    "properties": {
                        "@id": {
                            "format": "iri",
                            "type": "string"
                        },
                        "@type": {
                            "enum": [
                                "https://openminds.ebrains.eu/core/Organization",
                                "https://openminds.ebrains.eu/core/Person",
                                "https://openminds.ebrains.eu/core/Consortium"
                            ],
                            "format": "iri",
                            "type": "string"
                        }
                    },
                    "required": [
                        "@id"
                    ]
                }
            },
            "minItems": 1,
            "title": "author",
            "type": "array",
            "uniqueItems": true
        },
        "https://openminds.ebrains.eu/vocab/custodian": {
            "_instruction": "Add all parties that fulfill the role of a custodian for this research product (e.g., a research group leader or principle investigator). Custodians are typically the main contact in case of misconduct, obtain permission from the contributors to publish personal information, and maintain the content and quality of the data, metadata, and/or code of the research product. Unless specified differently, this custodian will be responsible for all attached research product versions.",
            "description": "The 'custodian' is a legal person who is responsible for the content and quality of the data, metadata, and/or code of a research product.",
            "items": {
                "else": {
                    "properties": {
                        "@id": {
                            "format": "iri",
                            "type": "string"
                        }
                    },
                    "required": [
                        "@id"
                    ]
                },
                "if": {
                    "required": [
                        "@type"
                    ]
                },
                "then": {
                    "properties": {
                        "@id": {
                            "format": "iri",
                            "type": "string"
                        },
                        "@type": {
                            "enum": [
                                "https://openminds.ebrains.eu/core/Organization",
                                "https://openminds.ebrains.eu/core/Person",
                                "https://openminds.ebrains.eu/core/Consortium"
                            ],
                            "format": "iri",
                            "type": "string"
                        }
                    },
                    "required": [
                        "@id"
                    ]
                }
            },
            "minItems": 1,
            "title": "custodian",
            "type": "array",
            "uniqueItems": true
        },
        "https://openminds.ebrains.eu/vocab/description": {
            "_instruction": "Enter a description (or abstract) of this research product. Note that this should be a suitable description for all attached research product versions.",
            "description": "Longer statement or account giving the characteristics of someone or something.",
            "title": "description",
            "type": "string"
        },
        "https://openminds.ebrains.eu/vocab/digitalIdentifier": {
            "_instruction": "Add the globally unique and persistent digital identifier of this research product. Note that this digital identifier will be used to reference all attached research product versions.",
            "description": "Digital handle to identify objects or legal persons.",
            "else": {
                "properties": {
                    "@id": {
                        "format": "iri",
                        "type": "string"
                    }
                },
                "required": [
                    "@id"
                ]
            },
            "if": {
                "required": [
                    "@type"
                ]
            },
            "then": {
                "properties": {
                    "@id": {
                        "format": "iri",
                        "type": "string"
                    },
                    "@type": {
                        "enum": [
                            "https://openminds.ebrains.eu/core/DOI",
                            "https://openminds.ebrains.eu/core/ISBN",
                            "https://openminds.ebrains.eu/core/RRID"
                        ],
                        "format": "iri",
                        "type": "string"
                    }
                },
                "required": [
                    "@id"
                ]
            },
            "title": "digitalIdentifier",
            "type": "object"
        },
        "https://openminds.ebrains.eu/vocab/fullName": {
            "_instruction": "Enter a descriptive full name (or title) for this research product. Note that this should be a suitable full name for all attached research product versions.",
            "description": "Whole, non-abbreviated name of something or somebody.",
            "title": "fullName",
            "type": "string"
        },
        "https://openminds.ebrains.eu/vocab/hasTerminology": {
            "_type": "https://openminds.ebrains.eu/sands/ParcellationTerminology",
            "properties": {
                "dataLocation": {
                    "_instruction": "Add the location of all files in which this parcellation terminology is stored.",
                    "_linkedTypes": [
                        "https://openminds.ebrains.eu/core/File"
                    ],
                    "minItems": 1,
                    "title": "dataLocation",
                    "type": "array",
                    "uniqueItems": true
                },
                "hasEntity": {
                    "_instruction": "Add all parcellation entities which belong to this parcellation terminology.",
                    "_linkedTypes": [
                        "https://openminds.ebrains.eu/sands/ParcellationEntity"
                    ],
                    "minItems": 1,
                    "title": "hasEntity",
                    "type": "array",
                    "uniqueItems": true
                },
                "ontologyIdentifier": {
                    "_instruction": "Enter the internationalized resource identifiers (IRIs) to the related ontological terms matching this parcellation terminology.",
                    "description": "Term or code used to identify something or someone registered within a particular ontology.",
                    "items": {
                        "_formats": [
                            "iri"
                        ],
                        "type": "string"
                    },
                    "minItems": 1,
                    "title": "ontologyIdentifier",
                    "type": "array",
                    "uniqueItems": true
                }
            },
            "required": [
                "hasEntity"
            ],
            "type": "object"
        },
        "https://openminds.ebrains.eu/vocab/hasVersion": {
            "_instruction": "Add versions of this brain atlas.",
            "description": "Reference to variants of an original.",
            "items": {
                "else": {
                    "properties": {
                        "@id": {
                            "format": "iri",
                            "type": "string"
                        }
                    },
                    "required": [
                        "@id"
                    ]
                },
                "if": {
                    "required": [
                        "@type"
                    ]
                },
                "then": {
                    "properties": {
                        "@id": {
                            "format": "iri",
                            "type": "string"
                        },
                        "@type": {
                            "enum": [
                                "https://openminds.ebrains.eu/sands/BrainAtlasVersion"
                            ],
                            "format": "iri",
                            "type": "string"
                        }
                    },
                    "required": [
                        "@id"
                    ]
                }
            },
            "minItems": 1,
            "title": "hasVersion",
            "type": "array",
            "uniqueItems": true
        },
        "https://openminds.ebrains.eu/vocab/homepage": {
            "_instruction": "Enter the internationalized resource identifier (IRI) to the homepage of this research product.",
            "description": "Main website of something or someone.",
            "format": "iri",
            "title": "homepage",
            "type": "string"
        },
        "https://openminds.ebrains.eu/vocab/howToCite": {
            "_instruction": "Enter the preferred citation text for this research product. Leave blank if citation text can be extracted from the assigned digital identifier.",
            "description": "Preferred format for citing a particular object or legal person.",
            "title": "howToCite",
            "type": "string"
        },
        "https://openminds.ebrains.eu/vocab/ontologyIdentifier": {
            "_instruction": "Enter the internationalized resource identifier (IRI) to the related ontological term matching this brain atlas.",
            "description": "Term or code used to identify something or someone registered within a particular ontology.",
            "format": "iri",
            "title": "ontologyIdentifier",
            "type": "string"
        },
        "https://openminds.ebrains.eu/vocab/shortName": {
            "_instruction": "Enter a short name (or alias) for this research product that could be used as a shortened display title (e.g., for web services with too little space to display the full name).",
            "description": "Shortened or fully abbreviated name of something or somebody.",
            "title": "shortName",
            "type": "string"
        },
        "https://openminds.ebrains.eu/vocab/usedSpecies": {
            "_instruction": "Add the species that was used for the creation of this brain atlas.",
            "else": {
                "properties": {
                    "@id": {
                        "format": "iri",
                        "type": "string"
                    }
                },
                "required": [
                    "@id"
                ]
            },
            "if": {
                "required": [
                    "@type"
                ]
            },
            "then": {
                "properties": {
                    "@id": {
                        "format": "iri",
                        "type": "string"
                    },
                    "@type": {
                        "enum": [
                            "https://openminds.ebrains.eu/controlledTerms/Species"
                        ],
                        "format": "iri",
                        "type": "string"
                    }
                },
                "required": [
                    "@id"
                ]
            },
            "title": "usedSpecies",
            "type": "object"
        }
    },
    "required": [
        "https://openminds.ebrains.eu/vocab/hasVersion",
        "https://openminds.ebrains.eu/vocab/shortName",
        "https://openminds.ebrains.eu/vocab/author",
        "https://openminds.ebrains.eu/vocab/hasTerminology",
        "https://openminds.ebrains.eu/vocab/description",
        "@type",
        "@id",
        "https://openminds.ebrains.eu/vocab/fullName"
    ],
    "type": "object"
}