{
    "$id": "https://openminds.ebrains.eu/sands/commonCoordinateSpace?format=json-schema",
    "$schema": "http://json-schema.org/draft-07/schema#",
    "_categories": [
        "coordinateSpace",
        "researchProduct"
    ],
    "_deprecated": true,
    "_type": "https://openminds.ebrains.eu/sands/CommonCoordinateSpace",
    "properties": {
        "@id": {
            "description": "Metadata node identifier.",
            "type": "string"
        },
        "@type": {
            "const": "https://openminds.ebrains.eu/sands/CommonCoordinateSpace",
            "type": "string"
        },
        "https://openminds.ebrains.eu/vocab/abbreviation": {
            "_instruction": "Enter the official abbreviation of this common coordinate space.",
            "title": "abbreviation",
            "type": "string"
        },
        "https://openminds.ebrains.eu/vocab/author": {
            "_instruction": "If necessary, add one or several authors (person or organization) that contributed to the production and publication of this common coordinate space.",
            "description": "Creator of a literary or creative work, as well as a dataset publication.",
            "items": {
                "else": {
                    "properties": {
                        "@id": {
                            "format": "iri",
                            "type": "string"
                        }
                    },
                    "required": [
                        "@id"
                    ]
                },
                "if": {
                    "required": [
                        "@type"
                    ]
                },
                "then": {
                    "properties": {
                        "@id": {
                            "format": "iri",
                            "type": "string"
                        },
                        "@type": {
                            "enum": [
                                "https://openminds.ebrains.eu/core/Person",
                                "https://openminds.ebrains.eu/core/Consortium",
                                "https://openminds.ebrains.eu/core/Organization"
                            ],
                            "format": "iri",
                            "type": "string"
                        }
                    },
                    "required": [
                        "@id"
                    ]
                }
            },
            "minItems": 1,
            "title": "author",
            "type": "array",
            "uniqueItems": true
        },
        "https://openminds.ebrains.eu/vocab/custodian": {
            "_instruction": "Add all parties that fulfill the role of a custodian for this research product (e.g., a research group leader or principle investigator). Custodians are typically the main contact in case of misconduct, obtain permission from the contributors to publish personal information, and maintain the content and quality of the data, metadata, and/or code of the research product. Unless specified differently, this custodian will be responsible for all attached research product versions.",
            "description": "The 'custodian' is a legal person who is responsible for the content and quality of the data, metadata, and/or code of a research product.",
            "items": {
                "else": {
                    "properties": {
                        "@id": {
                            "format": "iri",
                            "type": "string"
                        }
                    },
                    "required": [
                        "@id"
                    ]
                },
                "if": {
                    "required": [
                        "@type"
                    ]
                },
                "then": {
                    "properties": {
                        "@id": {
                            "format": "iri",
                            "type": "string"
                        },
                        "@type": {
                            "enum": [
                                "https://openminds.ebrains.eu/core/Person",
                                "https://openminds.ebrains.eu/core/Consortium",
                                "https://openminds.ebrains.eu/core/Organization"
                            ],
                            "format": "iri",
                            "type": "string"
                        }
                    },
                    "required": [
                        "@id"
                    ]
                }
            },
            "minItems": 1,
            "title": "custodian",
            "type": "array",
            "uniqueItems": true
        },
        "https://openminds.ebrains.eu/vocab/description": {
            "_instruction": "Enter a description (or abstract) of this research product. Note that this should be a suitable description for all attached research product versions.",
            "description": "Longer statement or account giving the characteristics of someone or something.",
            "title": "description",
            "type": "string"
        },
        "https://openminds.ebrains.eu/vocab/digitalIdentifier": {
            "_instruction": "Add the globally unique and persistent digital identifier of this common coordinate space. Note that this digital identifier will be used to reference all attached common coordinate space.",
            "description": "Digital handle to identify objects or legal persons.",
            "else": {
                "properties": {
                    "@id": {
                        "format": "iri",
                        "type": "string"
                    }
                },
                "required": [
                    "@id"
                ]
            },
            "if": {
                "required": [
                    "@type"
                ]
            },
            "then": {
                "properties": {
                    "@id": {
                        "format": "iri",
                        "type": "string"
                    },
                    "@type": {
                        "enum": [
                            "https://openminds.ebrains.eu/core/DOI",
                            "https://openminds.ebrains.eu/core/ISBN",
                            "https://openminds.ebrains.eu/core/RRID"
                        ],
                        "format": "iri",
                        "type": "string"
                    }
                },
                "required": [
                    "@id"
                ]
            },
            "title": "digitalIdentifier",
            "type": "object"
        },
        "https://openminds.ebrains.eu/vocab/fullName": {
            "_instruction": "Enter a descriptive full name (or title) for this research product. Note that this should be a suitable full name for all attached research product versions.",
            "description": "Whole, non-abbreviated name of something or somebody.",
            "title": "fullName",
            "type": "string"
        },
        "https://openminds.ebrains.eu/vocab/hasVersion": {
            "_instruction": "Add one or several versions of this common coordinate space.",
            "description": "Reference to variants of an original.",
            "items": {
                "else": {
                    "properties": {
                        "@id": {
                            "format": "iri",
                            "type": "string"
                        }
                    },
                    "required": [
                        "@id"
                    ]
                },
                "if": {
                    "required": [
                        "@type"
                    ]
                },
                "then": {
                    "properties": {
                        "@id": {
                            "format": "iri",
                            "type": "string"
                        },
                        "@type": {
                            "enum": [
                                "https://openminds.ebrains.eu/sands/CommonCoordinateSpaceVersion"
                            ],
                            "format": "iri",
                            "type": "string"
                        }
                    },
                    "required": [
                        "@id"
                    ]
                }
            },
            "minItems": 1,
            "title": "hasVersion",
            "type": "array",
            "uniqueItems": true
        },
        "https://openminds.ebrains.eu/vocab/homepage": {
            "_instruction": "Enter the internationalized resource identifier (IRI) to the homepage of this research product.",
            "description": "Main website of something or someone.",
            "format": "iri",
            "title": "homepage",
            "type": "string"
        },
        "https://openminds.ebrains.eu/vocab/howToCite": {
            "_instruction": "Enter the preferred citation text for this research product. Leave blank if citation text can be extracted from the assigned digital identifier.",
            "description": "Preferred format for citing a particular object or legal person.",
            "title": "howToCite",
            "type": "string"
        },
        "https://openminds.ebrains.eu/vocab/ontologyIdentifier": {
            "_instruction": "Enter the identifier(s) (IRI) of the related ontological term(s) matching this common coordinate space.",
            "description": "Term or code used to identify something or someone registered within a particular ontology.",
            "items": {
                "_formats": [
                    "iri"
                ],
                "type": "string"
            },
            "minItems": 1,
            "title": "ontologyIdentifier",
            "type": "array",
            "uniqueItems": true
        },
        "https://openminds.ebrains.eu/vocab/shortName": {
            "_instruction": "Enter a short name (or alias) for this research product that could be used as a shortened display title (e.g., for web services with too little space to display the full name).",
            "description": "Shortened or fully abbreviated name of something or somebody.",
            "title": "shortName",
            "type": "string"
        },
        "https://openminds.ebrains.eu/vocab/usedSpecies": {
            "_instruction": "Add the species of the specimen that were used to create this common coordinate space.",
            "else": {
                "properties": {
                    "@id": {
                        "format": "iri",
                        "type": "string"
                    }
                },
                "required": [
                    "@id"
                ]
            },
            "if": {
                "required": [
                    "@type"
                ]
            },
            "then": {
                "properties": {
                    "@id": {
                        "format": "iri",
                        "type": "string"
                    },
                    "@type": {
                        "enum": [
                            "https://openminds.ebrains.eu/controlledTerms/Species"
                        ],
                        "format": "iri",
                        "type": "string"
                    }
                },
                "required": [
                    "@id"
                ]
            },
            "title": "usedSpecies",
            "type": "object"
        }
    },
    "required": [
        "https://openminds.ebrains.eu/vocab/fullName",
        "https://openminds.ebrains.eu/vocab/description",
        "@id",
        "@type",
        "https://openminds.ebrains.eu/vocab/hasVersion",
        "https://openminds.ebrains.eu/vocab/usedSpecies",
        "https://openminds.ebrains.eu/vocab/shortName"
    ],
    "type": "object"
}