{
    "$id": "https://openminds.ebrains.eu/sands/parcellationEntityVersion?format=json-schema",
    "$schema": "http://json-schema.org/draft-07/schema#",
    "_categories": [
        "anatomicalLocation",
        "studyTarget"
    ],
    "_type": "https://openminds.ebrains.eu/sands/ParcellationEntityVersion",
    "properties": {
        "@id": {
            "description": "Metadata node identifier.",
            "type": "string"
        },
        "@type": {
            "const": "https://openminds.ebrains.eu/sands/ParcellationEntityVersion",
            "type": "string"
        },
        "https://openminds.ebrains.eu/vocab/abbreviation": {
            "_instruction": "Enter the official abbreviation of this parcellation entity version.",
            "title": "abbreviation",
            "type": "string"
        },
        "https://openminds.ebrains.eu/vocab/additionalRemarks": {
            "_instruction": "Enter any additional remarks concerning this parcellation entity version.",
            "description": "Mention of what deserves additional attention or notice.",
            "title": "additionalRemarks",
            "type": "string"
        },
        "https://openminds.ebrains.eu/vocab/alternateName": {
            "_instruction": "Enter any alternate names, including any alternative abbreviations, for this parcellation entity version.",
            "items": {
                "type": "string"
            },
            "minItems": 1,
            "title": "alternateName",
            "type": "array",
            "uniqueItems": true
        },
        "https://openminds.ebrains.eu/vocab/correctedName": {
            "_instruction": "Enter the refined or corrected name of this parcellation entity version.",
            "title": "correctedName",
            "type": "string"
        },
        "https://openminds.ebrains.eu/vocab/hasAnnotation": {
            "_deprecated": true,
            "_type": "https://openminds.ebrains.eu/sands/AtlasAnnotation",
            "properties": {
                "anchorPoint": {
                    "_type": "https://openminds.ebrains.eu/core/QuantitativeValue",
                    "description": "Structured information on a quantitative value.",
                    "properties": {
                        "typeOfUncertainty": {
                            "_instruction": "Add the type of uncertainty used to determine the uncertainty for this quantitative value.",
                            "_linkedTypes": [
                                "https://openminds.ebrains.eu/controlledTerms/TypeOfUncertainty"
                            ],
                            "description": "Distinct technique used to quantify the uncertainty of a measurement.",
                            "title": "typeOfUncertainty"
                        },
                        "uncertainty": {
                            "_instruction": "Enter the uncertainty of this quantitative value.",
                            "description": "Quantitative value range defining the uncertainty of a measurement.",
                            "items": {
                                "type": "number"
                            },
                            "maxItems": 2,
                            "minItems": 2,
                            "title": "uncertainty",
                            "type": "array"
                        },
                        "unit": {
                            "_instruction": "Add the unit of measurement of this quantitative value and its uncertainty.",
                            "_linkedTypes": [
                                "https://openminds.ebrains.eu/controlledTerms/UnitOfMeasurement"
                            ],
                            "description": "Determinate quantity adopted as a standard of measurement.",
                            "title": "unit"
                        },
                        "value": {
                            "_instruction": "Enter the value of this quantitative value.",
                            "description": "Entry for a property.",
                            "title": "value",
                            "type": "number"
                        }
                    },
                    "required": [
                        "value"
                    ],
                    "type": "object"
                },
                "criteria": {
                    "_instruction": "Add the protocol execution defining the criteria that were applied to produce this annotation.",
                    "_linkedTypes": [
                        "https://openminds.ebrains.eu/core/ProtocolExecution"
                    ],
                    "description": "Aspects or standards on which a judgement or decision is based.",
                    "title": "criteria"
                },
                "criteriaQualityType": {
                    "_instruction": "Add the quality type of the stated criteria used to define this annotation.",
                    "_linkedTypes": [
                        "https://openminds.ebrains.eu/controlledTerms/CriteriaQualityType"
                    ],
                    "description": "Distinct class that defines how the judgement or decision was made for a particular criteria.",
                    "title": "criteriaQualityType"
                },
                "criteriaType": {
                    "_instruction": "Add the criteria type for this annotation.",
                    "_linkedTypes": [
                        "https://openminds.ebrains.eu/controlledTerms/AnnotationCriteriaType"
                    ],
                    "title": "criteriaType"
                },
                "inspiredBy": {
                    "_instruction": "Add all (source) files that inspired the definition of this annotation.",
                    "_linkedTypes": [
                        "https://openminds.ebrains.eu/core/File"
                    ],
                    "description": "Reference to an inspiring element.",
                    "minItems": 1,
                    "title": "inspiredBy",
                    "type": "array",
                    "uniqueItems": true
                },
                "internalIdentifier": {
                    "_instruction": "Enter the identifier (or label) of this annotation that is used within the corresponding data files to identify this annotation.",
                    "description": "Term or code that identifies someone or something within a particular product.",
                    "title": "internalIdentifier",
                    "type": "string"
                },
                "laterality": {
                    "_instruction": "Add one or both sides of the body, bilateral organ or bilateral organ part that this annotation is defined in.",
                    "_linkedTypes": [
                        "https://openminds.ebrains.eu/controlledTerms/Laterality"
                    ],
                    "description": "Differentiation between a pair of lateral homologous parts of the body.",
                    "maxItems": 2,
                    "minItems": 1,
                    "title": "laterality",
                    "type": "array",
                    "uniqueItems": true
                },
                "preferredVisualization": {
                    "_type": "https://openminds.ebrains.eu/sands/ViewerSpecification",
                    "properties": {
                        "additionalRemarks": {
                            "_instruction": "Enter any additional remarks concerning this viewer specification.",
                            "description": "Mention of what deserves additional attention or notice.",
                            "title": "additionalRemarks",
                            "type": "string"
                        },
                        "anchorPoint": {
                            "_type": "https://openminds.ebrains.eu/core/QuantitativeValue",
                            "description": "Structured information on a quantitative value.",
                            "properties": {
                                "typeOfUncertainty": {
                                    "_instruction": "Add the type of uncertainty used to determine the uncertainty for this quantitative value.",
                                    "_linkedTypes": [
                                        "https://openminds.ebrains.eu/controlledTerms/TypeOfUncertainty"
                                    ],
                                    "description": "Distinct technique used to quantify the uncertainty of a measurement.",
                                    "title": "typeOfUncertainty"
                                },
                                "uncertainty": {
                                    "_instruction": "Enter the uncertainty of this quantitative value.",
                                    "description": "Quantitative value range defining the uncertainty of a measurement.",
                                    "items": {
                                        "type": "number"
                                    },
                                    "maxItems": 2,
                                    "minItems": 2,
                                    "title": "uncertainty",
                                    "type": "array"
                                },
                                "unit": {
                                    "_instruction": "Add the unit of measurement of this quantitative value and its uncertainty.",
                                    "_linkedTypes": [
                                        "https://openminds.ebrains.eu/controlledTerms/UnitOfMeasurement"
                                    ],
                                    "description": "Determinate quantity adopted as a standard of measurement.",
                                    "title": "unit"
                                },
                                "value": {
                                    "_instruction": "Enter the value of this quantitative value.",
                                    "description": "Entry for a property.",
                                    "title": "value",
                                    "type": "number"
                                }
                            },
                            "required": [
                                "value"
                            ],
                            "type": "object"
                        },
                        "cameraPosition": {
                            "_type": "https://openminds.ebrains.eu/sands/CoordinatePoint",
                            "description": "Structured information on a coordinate point.",
                            "properties": {
                                "coordinateSpace": {
                                    "_instruction": "Add the coordinate space in which this coordinate point exists in.",
                                    "_linkedTypes": [
                                        "https://openminds.ebrains.eu/sands/CommonCoordinateSpaceVersion",
                                        "https://openminds.ebrains.eu/sands/CustomCoordinateSpace"
                                    ],
                                    "description": "Two or three dimensional geometric setting.",
                                    "title": "coordinateSpace"
                                },
                                "coordinates": {
                                    "_type": "https://openminds.ebrains.eu/core/QuantitativeValue",
                                    "description": "Structured information on a quantitative value.",
                                    "properties": {
                                        "typeOfUncertainty": {
                                            "_instruction": "Add the type of uncertainty used to determine the uncertainty for this quantitative value.",
                                            "_linkedTypes": [
                                                "https://openminds.ebrains.eu/controlledTerms/TypeOfUncertainty"
                                            ],
                                            "description": "Distinct technique used to quantify the uncertainty of a measurement.",
                                            "title": "typeOfUncertainty"
                                        },
                                        "uncertainty": {
                                            "_instruction": "Enter the uncertainty of this quantitative value.",
                                            "description": "Quantitative value range defining the uncertainty of a measurement.",
                                            "items": {
                                                "type": "number"
                                            },
                                            "maxItems": 2,
                                            "minItems": 2,
                                            "title": "uncertainty",
                                            "type": "array"
                                        },
                                        "unit": {
                                            "_instruction": "Add the unit of measurement of this quantitative value and its uncertainty.",
                                            "_linkedTypes": [
                                                "https://openminds.ebrains.eu/controlledTerms/UnitOfMeasurement"
                                            ],
                                            "description": "Determinate quantity adopted as a standard of measurement.",
                                            "title": "unit"
                                        },
                                        "value": {
                                            "_instruction": "Enter the value of this quantitative value.",
                                            "description": "Entry for a property.",
                                            "title": "value",
                                            "type": "number"
                                        }
                                    },
                                    "required": [
                                        "value"
                                    ],
                                    "type": "object"
                                }
                            },
                            "required": [
                                "coordinates",
                                "coordinateSpace"
                            ],
                            "type": "object"
                        },
                        "preferredDisplayColor": {
                            "_instruction": "Add the preferred color that a viewer should display.",
                            "_linkedTypes": [
                                "https://openminds.ebrains.eu/sands/SingleColor",
                                "https://openminds.ebrains.eu/controlledTerms/Colormap"
                            ],
                            "title": "preferredDisplayColor"
                        }
                    },
                    "required": [
                        "anchorPoint"
                    ],
                    "type": "object"
                },
                "specification": {
                    "_instruction": "Add the non-parametric specification of this annotation.",
                    "_linkedTypes": [
                        "https://openminds.ebrains.eu/core/File"
                    ],
                    "description": "Detailed and precise presentation of, or proposal for something.",
                    "title": "specification"
                },
                "type": {
                    "_instruction": "Add the geometry type of this annotation.",
                    "_linkedTypes": [
                        "https://openminds.ebrains.eu/controlledTerms/AnnotationType"
                    ],
                    "description": "Distinct class to which a group of entities or concepts with similar characteristics or attributes belong to.",
                    "title": "type"
                }
            },
            "required": [
                "criteriaQualityType",
                "criteriaType",
                "type"
            ],
            "type": "object"
        },
        "https://openminds.ebrains.eu/vocab/hasParent": {
            "_instruction": "Add all anatomical parent structures (or version of the structures) for this parcellation entity as defined within corresponding brain atlas version.",
            "description": "Reference to a parent object or legal person.",
            "items": {
                "else": {
                    "properties": {
                        "@id": {
                            "format": "iri",
                            "type": "string"
                        }
                    },
                    "required": [
                        "@id"
                    ]
                },
                "if": {
                    "required": [
                        "@type"
                    ]
                },
                "then": {
                    "properties": {
                        "@id": {
                            "format": "iri",
                            "type": "string"
                        },
                        "@type": {
                            "enum": [
                                "https://openminds.ebrains.eu/sands/ParcellationEntity",
                                "https://openminds.ebrains.eu/sands/ParcellationEntityVersion"
                            ],
                            "format": "iri",
                            "type": "string"
                        }
                    },
                    "required": [
                        "@id"
                    ]
                }
            },
            "minItems": 1,
            "title": "hasParent",
            "type": "array",
            "uniqueItems": true
        },
        "https://openminds.ebrains.eu/vocab/lookupLabel": {
            "_instruction": "Enter a lookup label for this parcellation entity version that may help you to find this instance more easily.",
            "title": "lookupLabel",
            "type": "string"
        },
        "https://openminds.ebrains.eu/vocab/name": {
            "_instruction": "Enter the name of this parcellation entity version.",
            "description": "Word or phrase that constitutes the distinctive designation of a being or thing.",
            "title": "name",
            "type": "string"
        },
        "https://openminds.ebrains.eu/vocab/ontologyIdentifier": {
            "_instruction": "Enter the internationalized resource identifiers (IRIs) to the related ontological terms matching this parcellation entity version.",
            "description": "Term or code used to identify something or someone registered within a particular ontology.",
            "items": {
                "_formats": [
                    "iri"
                ],
                "type": "string"
            },
            "minItems": 1,
            "title": "ontologyIdentifier",
            "type": "array",
            "uniqueItems": true
        },
        "https://openminds.ebrains.eu/vocab/relationAssessment": {
            "anyOf": [
                {
                    "_deprecated": true,
                    "_type": "https://openminds.ebrains.eu/sands/QualitativeRelationAssessment",
                    "properties": {
                        "criteria": {
                            "_instruction": "Add the protocol execution defining the criteria that were applied to determine this relation.",
                            "_linkedTypes": [
                                "https://openminds.ebrains.eu/core/ProtocolExecution"
                            ],
                            "description": "Aspects or standards on which a judgement or decision is based.",
                            "title": "criteria"
                        },
                        "inRelationTo": {
                            "_instruction": "Add the anatomical entity to which the relation is described.",
                            "_linkedTypes": [
                                "https://openminds.ebrains.eu/sands/CustomAnatomicalEntity",
                                "https://openminds.ebrains.eu/sands/ParcellationEntity",
                                "https://openminds.ebrains.eu/sands/ParcellationEntityVersion"
                            ],
                            "description": "Reference to a related element.",
                            "title": "inRelationTo"
                        },
                        "qualitativeOverlap": {
                            "_instruction": "Add the qualitative overlap that best describes the relation between the two anatomical entities.",
                            "_linkedTypes": [
                                "https://openminds.ebrains.eu/controlledTerms/QualitativeOverlap"
                            ],
                            "description": "Semantic characterization of how much two things occupy the same space.",
                            "title": "qualitativeOverlap"
                        }
                    },
                    "required": [
                        "inRelationTo",
                        "qualitativeOverlap"
                    ],
                    "type": "object"
                },
                {
                    "_deprecated": true,
                    "_type": "https://openminds.ebrains.eu/sands/QuantitativeRelationAssessment",
                    "properties": {
                        "criteria": {
                            "_instruction": "Add the protocol execution defining the criteria that were applied to determine this relation.",
                            "_linkedTypes": [
                                "https://openminds.ebrains.eu/core/ProtocolExecution"
                            ],
                            "description": "Aspects or standards on which a judgement or decision is based.",
                            "title": "criteria"
                        },
                        "inRelationTo": {
                            "_instruction": "Add the parcellation entity version to which the relation is described.",
                            "_linkedTypes": [
                                "https://openminds.ebrains.eu/sands/ParcellationEntityVersion"
                            ],
                            "description": "Reference to a related element.",
                            "title": "inRelationTo"
                        },
                        "quantitativeOverlap": {
                            "anyOf": [
                                {
                                    "_type": "https://openminds.ebrains.eu/core/QuantitativeValue",
                                    "description": "Structured information on a quantitative value.",
                                    "properties": {
                                        "typeOfUncertainty": {
                                            "_instruction": "Add the type of uncertainty used to determine the uncertainty for this quantitative value.",
                                            "_linkedTypes": [
                                                "https://openminds.ebrains.eu/controlledTerms/TypeOfUncertainty"
                                            ],
                                            "description": "Distinct technique used to quantify the uncertainty of a measurement.",
                                            "title": "typeOfUncertainty"
                                        },
                                        "uncertainty": {
                                            "_instruction": "Enter the uncertainty of this quantitative value.",
                                            "description": "Quantitative value range defining the uncertainty of a measurement.",
                                            "items": {
                                                "type": "number"
                                            },
                                            "maxItems": 2,
                                            "minItems": 2,
                                            "title": "uncertainty",
                                            "type": "array"
                                        },
                                        "unit": {
                                            "_instruction": "Add the unit of measurement of this quantitative value and its uncertainty.",
                                            "_linkedTypes": [
                                                "https://openminds.ebrains.eu/controlledTerms/UnitOfMeasurement"
                                            ],
                                            "description": "Determinate quantity adopted as a standard of measurement.",
                                            "title": "unit"
                                        },
                                        "value": {
                                            "_instruction": "Enter the value of this quantitative value.",
                                            "description": "Entry for a property.",
                                            "title": "value",
                                            "type": "number"
                                        }
                                    },
                                    "required": [
                                        "value"
                                    ],
                                    "type": "object"
                                },
                                {
                                    "_type": "https://openminds.ebrains.eu/core/QuantitativeValueRange",
                                    "description": "A representation of a range of quantitative values.",
                                    "properties": {
                                        "maxValue": {
                                            "_instruction": "Enter the maximum value.",
                                            "description": "Greatest quantity attained or allowed.",
                                            "title": "maxValue",
                                            "type": "number"
                                        },
                                        "maxValueUnit": {
                                            "_instruction": "Add the unit of measurement for the maximum value.",
                                            "_linkedTypes": [
                                                "https://openminds.ebrains.eu/controlledTerms/UnitOfMeasurement"
                                            ],
                                            "title": "maxValueUnit"
                                        },
                                        "minValue": {
                                            "_instruction": "Enter the minimum value.",
                                            "description": "Smallest quantity attained or allowed.",
                                            "title": "minValue",
                                            "type": "number"
                                        },
                                        "minValueUnit": {
                                            "_instruction": "Add the unit of measurement for the minimum value.",
                                            "_linkedTypes": [
                                                "https://openminds.ebrains.eu/controlledTerms/UnitOfMeasurement"
                                            ],
                                            "title": "minValueUnit"
                                        }
                                    },
                                    "required": [
                                        "maxValue",
                                        "minValue"
                                    ],
                                    "type": "object"
                                }
                            ]
                        }
                    },
                    "required": [
                        "inRelationTo",
                        "quantitativeOverlap"
                    ],
                    "type": "object"
                }
            ]
        },
        "https://openminds.ebrains.eu/vocab/versionIdentifier": {
            "_instruction": "Enter the version identifier of this parcellation entity version.",
            "description": "Term or code used to identify the version of something.",
            "title": "versionIdentifier",
            "type": "string"
        },
        "https://openminds.ebrains.eu/vocab/versionInnovation": {
            "_instruction": "Enter a short description (or summary) of the novelties/peculiarities of this parcellation entity version in comparison to its preceding versions. If this parcellation entity version is the first version, leave blank.",
            "description": "Documentation on what changed in comparison to a previously published form of something.",
            "title": "versionInnovation",
            "type": "string"
        }
    },
    "required": [
        "https://openminds.ebrains.eu/vocab/name",
        "@type",
        "https://openminds.ebrains.eu/vocab/versionIdentifier",
        "@id"
    ],
    "type": "object"
}