{
    "$id": "https://openminds.ebrains.eu/sands/parcellationEntityVersion?format=json-schema",
    "$schema": "http://json-schema.org/draft-07/schema#",
    "_categories": [
        "studyTarget"
    ],
    "_type": "https://openminds.ebrains.eu/sands/ParcellationEntityVersion",
    "properties": {
        "@id": {
            "description": "Metadata node identifier.",
            "type": "string"
        },
        "@type": {
            "const": "https://openminds.ebrains.eu/sands/ParcellationEntityVersion",
            "type": "string"
        },
        "https://openminds.ebrains.eu/vocab/additionalRemarks": {
            "_instruction": "Enter additional remarks about the parcellation entity version.",
            "description": "Mention of what deserves additional attention or notice.",
            "title": "additionalRemarks",
            "type": "string"
        },
        "https://openminds.ebrains.eu/vocab/alternativeName": {
            "_instruction": "If applicable, enter one or several alternative names, inlcuding abbreviations, for this parcellation entity version.",
            "items": {
                "type": "string"
            },
            "minItems": 1,
            "title": "alternativeName",
            "type": "array",
            "uniqueItems": true
        },
        "https://openminds.ebrains.eu/vocab/correctedName": {
            "_instruction": "If necessary, enter a refined/correct name for this parcellation entity version.",
            "title": "correctedName",
            "type": "string"
        },
        "https://openminds.ebrains.eu/vocab/hasAnnotation": {
            "_deprecated": true,
            "_type": "https://openminds.ebrains.eu/sands/AtlasAnnotation",
            "properties": {
                "annotationType": {
                    "_instruction": "Add the type of this atlas annotation.",
                    "_linkedTypes": [
                        "https://openminds.ebrains.eu/controlledTerms/AnnotationType"
                    ],
                    "title": "annotationType"
                },
                "bestViewPoint": {
                    "_type": "https://openminds.ebrains.eu/sands/CoordinatePoint",
                    "description": "Structured information on a coordinate point.",
                    "properties": {
                        "coordinateSpace": {
                            "_instruction": "Add the coordinate space in which this coordinate point exists in.",
                            "_linkedTypes": [
                                "https://openminds.ebrains.eu/sands/CommonCoordinateSpace",
                                "https://openminds.ebrains.eu/sands/CustomCoordinateSpace"
                            ],
                            "description": "Two or three dimensional geometric setting.",
                            "title": "coordinateSpace"
                        },
                        "coordinates": {
                            "_type": "https://openminds.ebrains.eu/core/QuantitativeValue",
                            "description": "Structured information on a quantitative value.",
                            "properties": {
                                "typeOfUncertainty": {
                                    "_instruction": "Add the type of uncertainty used for this quantitative value.",
                                    "_linkedTypes": [
                                        "https://openminds.ebrains.eu/controlledTerms/TypeOfUncertainty"
                                    ],
                                    "description": "Distinct technique used to quantify the uncertainty of a measurement.",
                                    "title": "typeOfUncertainty"
                                },
                                "uncertainty": {
                                    "_instruction": "Enter the measurement uncertainty of this quantitative value.",
                                    "description": "Quantitative value range defining the uncertainty of a measurement.",
                                    "items": {
                                        "type": "number"
                                    },
                                    "maxItems": 2,
                                    "minItems": 2,
                                    "title": "uncertainty",
                                    "type": "array"
                                },
                                "unit": {
                                    "_instruction": "Add the unit of measurement of this quantitative value.",
                                    "_linkedTypes": [
                                        "https://openminds.ebrains.eu/controlledTerms/UnitOfMeasurement"
                                    ],
                                    "description": "Determinate quantity adopted as a standard of measurement.",
                                    "title": "unit"
                                },
                                "value": {
                                    "_instruction": "Enter the measurement value of this quantitative value.",
                                    "description": "Entry for a property.",
                                    "title": "value",
                                    "type": "number"
                                }
                            },
                            "required": [
                                "value"
                            ],
                            "type": "object"
                        }
                    },
                    "required": [
                        "coordinates",
                        "coordinateSpace"
                    ],
                    "type": "object"
                },
                "criteria": {
                    "_instruction": "Add the protocol execution defining the criteria that were applied to produce this atlas annotation.",
                    "_linkedTypes": [
                        "https://openminds.ebrains.eu/core/ProtocolExecution"
                    ],
                    "description": "Aspects or standards on which a judgement or decision is based.",
                    "title": "criteria"
                },
                "criteriaQualityType": {
                    "_instruction": "Add the quality type of the stated criteria used to define this atlas annotation.",
                    "_linkedTypes": [
                        "https://openminds.ebrains.eu/controlledTerms/CriteriaQualityType"
                    ],
                    "description": "Distinct class that defines how the judgement or decision was made for a particular criteria.",
                    "title": "criteriaQualityType"
                },
                "displayColor": {
                    "_instruction": "Enter the preferred display color (HEX) for this atlas annotation.",
                    "description": "Preferred coloring.",
                    "pattern": "^#[0-9A-Fa-f]{6}$",
                    "title": "displayColor",
                    "type": "string"
                },
                "inspiredBy": {
                    "_instruction": "Add one or several (source) files that inspired the definition of this atlas annotation.",
                    "_linkedTypes": [
                        "https://openminds.ebrains.eu/core/File"
                    ],
                    "description": "Reference to an inspiring element.",
                    "minItems": 1,
                    "title": "inspiredBy",
                    "type": "array",
                    "uniqueItems": true
                },
                "internalIdentifier": {
                    "_instruction": "Enter the identifier used for this annotation within the file it is stored in.",
                    "description": "Term or code that identifies someone or something within a particular product.",
                    "title": "internalIdentifier",
                    "type": "string"
                },
                "laterality": {
                    "_instruction": "Add one or both sides of the body, bilateral organ or bilateral organ part that this atlas annotation is defined in.",
                    "_linkedTypes": [
                        "https://openminds.ebrains.eu/controlledTerms/Laterality"
                    ],
                    "description": "Differentiation between a pair of lateral homologous parts of the body.",
                    "maxItems": 2,
                    "minItems": 1,
                    "title": "laterality",
                    "type": "array",
                    "uniqueItems": true
                },
                "visualizedIn": {
                    "_instruction": "Add the (source) image file in which this atlas annotation is visualized in.",
                    "_linkedTypes": [
                        "https://openminds.ebrains.eu/core/File"
                    ],
                    "description": "Reference to an image in which something is visible.",
                    "title": "visualizedIn"
                }
            },
            "required": [
                "criteriaQualityType",
                "internalIdentifier"
            ],
            "type": "object"
        },
        "https://openminds.ebrains.eu/vocab/hasParent": {
            "_instruction": "Add the defined anatomical parent structure (version) for this parcellation entity version, or several if required.",
            "description": "Reference to a parent object or legal person.",
            "items": {
                "else": {
                    "properties": {
                        "@id": {
                            "format": "iri",
                            "type": "string"
                        }
                    },
                    "required": [
                        "@id"
                    ]
                },
                "if": {
                    "required": [
                        "@type"
                    ]
                },
                "then": {
                    "properties": {
                        "@id": {
                            "format": "iri",
                            "type": "string"
                        },
                        "@type": {
                            "enum": [
                                "https://openminds.ebrains.eu/sands/ParcellationEntity",
                                "https://openminds.ebrains.eu/sands/ParcellationEntityVersion"
                            ],
                            "format": "iri",
                            "type": "string"
                        }
                    },
                    "required": [
                        "@id"
                    ]
                }
            },
            "minItems": 1,
            "title": "hasParent",
            "type": "array",
            "uniqueItems": true
        },
        "https://openminds.ebrains.eu/vocab/lookupLabel": {
            "_instruction": "Enter a lookup label for this parcellation entity version.",
            "title": "lookupLabel",
            "type": "string"
        },
        "https://openminds.ebrains.eu/vocab/name": {
            "_instruction": "Enter the version specific name for this parcellation entity version.",
            "description": "Word or phrase that constitutes the distinctive designation of a being or thing.",
            "title": "name",
            "type": "string"
        },
        "https://openminds.ebrains.eu/vocab/ontologyIdentifier": {
            "_instruction": "Enter the identifier(s) (IRI) of the related ontological term(s) matching this parcellation entity version.",
            "description": "Term or code used to identify something or someone registered within a particular ontology.",
            "items": {
                "_formats": [
                    "iri"
                ],
                "type": "string"
            },
            "minItems": 1,
            "title": "ontologyIdentifier",
            "type": "array",
            "uniqueItems": true
        },
        "https://openminds.ebrains.eu/vocab/relationAssessment": {
            "anyOf": [
                {
                    "_deprecated": true,
                    "_type": "https://openminds.ebrains.eu/sands/QualitativeRelationAssessment",
                    "properties": {
                        "criteria": {
                            "_instruction": "Add the protocol execution defining the criteria that were applied to determine this relation.",
                            "_linkedTypes": [
                                "https://openminds.ebrains.eu/core/ProtocolExecution"
                            ],
                            "description": "Aspects or standards on which a judgement or decision is based.",
                            "title": "criteria"
                        },
                        "inRelationTo": {
                            "_instruction": "Add the custom or atlas parcellation entity (version) to which the relation is described.",
                            "_linkedTypes": [
                                "https://openminds.ebrains.eu/sands/CustomAnatomicalEntity",
                                "https://openminds.ebrains.eu/sands/ParcellationEntity",
                                "https://openminds.ebrains.eu/sands/ParcellationEntityVersion"
                            ],
                            "description": "Reference to a related element.",
                            "title": "inRelationTo"
                        },
                        "qualitativeOverlap": {
                            "_instruction": "Add the qualitative overlap that best describes the relation between the two anatomical entities.",
                            "_linkedTypes": [
                                "https://openminds.ebrains.eu/controlledTerms/QualitativeOverlap"
                            ],
                            "description": "Semantic characterization of how much two things occupy the same space.",
                            "title": "qualitativeOverlap"
                        }
                    },
                    "required": [
                        "inRelationTo",
                        "qualitativeOverlap"
                    ],
                    "type": "object"
                },
                {
                    "_deprecated": true,
                    "_type": "https://openminds.ebrains.eu/sands/QuantitativeRelationAssessment",
                    "properties": {
                        "criteria": {
                            "_instruction": "Add the protocol execution defining the criteria that were applied to determine this relation.",
                            "_linkedTypes": [
                                "https://openminds.ebrains.eu/core/ProtocolExecution"
                            ],
                            "description": "Aspects or standards on which a judgement or decision is based.",
                            "title": "criteria"
                        },
                        "inRelationTo": {
                            "_instruction": "Add the parcellation entity version to which the relation is described.",
                            "_linkedTypes": [
                                "https://openminds.ebrains.eu/sands/ParcellationEntityVersion"
                            ],
                            "description": "Reference to a related element.",
                            "title": "inRelationTo"
                        },
                        "quantitativeOverlap": {
                            "anyOf": [
                                {
                                    "_type": "https://openminds.ebrains.eu/core/QuantitativeValue",
                                    "description": "Structured information on a quantitative value.",
                                    "properties": {
                                        "typeOfUncertainty": {
                                            "_instruction": "Add the type of uncertainty used for this quantitative value.",
                                            "_linkedTypes": [
                                                "https://openminds.ebrains.eu/controlledTerms/TypeOfUncertainty"
                                            ],
                                            "description": "Distinct technique used to quantify the uncertainty of a measurement.",
                                            "title": "typeOfUncertainty"
                                        },
                                        "uncertainty": {
                                            "_instruction": "Enter the measurement uncertainty of this quantitative value.",
                                            "description": "Quantitative value range defining the uncertainty of a measurement.",
                                            "items": {
                                                "type": "number"
                                            },
                                            "maxItems": 2,
                                            "minItems": 2,
                                            "title": "uncertainty",
                                            "type": "array"
                                        },
                                        "unit": {
                                            "_instruction": "Add the unit of measurement of this quantitative value.",
                                            "_linkedTypes": [
                                                "https://openminds.ebrains.eu/controlledTerms/UnitOfMeasurement"
                                            ],
                                            "description": "Determinate quantity adopted as a standard of measurement.",
                                            "title": "unit"
                                        },
                                        "value": {
                                            "_instruction": "Enter the measurement value of this quantitative value.",
                                            "description": "Entry for a property.",
                                            "title": "value",
                                            "type": "number"
                                        }
                                    },
                                    "required": [
                                        "value"
                                    ],
                                    "type": "object"
                                },
                                {
                                    "_type": "https://openminds.ebrains.eu/core/QuantitativeValueRange",
                                    "properties": {
                                        "maxValue": {
                                            "_instruction": "Add the maximum value measured for this range.",
                                            "description": "Greatest quantity attained or allowed.",
                                            "title": "maxValue",
                                            "type": "number"
                                        },
                                        "maxValueUnit": {
                                            "_instruction": "Add the unit of measurement for the maximum value of this quantitative value range.",
                                            "_linkedTypes": [
                                                "https://openminds.ebrains.eu/controlledTerms/UnitOfMeasurement"
                                            ],
                                            "title": "maxValueUnit"
                                        },
                                        "minValue": {
                                            "_instruction": "Add the minimum value measured for this range.",
                                            "description": "Smallest quantity attained or allowed.",
                                            "title": "minValue",
                                            "type": "number"
                                        },
                                        "minValueUnit": {
                                            "_instruction": "Add the unit of measurement for the minimum value of this quantitative value range.",
                                            "_linkedTypes": [
                                                "https://openminds.ebrains.eu/controlledTerms/UnitOfMeasurement"
                                            ],
                                            "title": "minValueUnit"
                                        }
                                    },
                                    "required": [
                                        "maxValue",
                                        "minValue"
                                    ],
                                    "type": "object"
                                }
                            ]
                        }
                    },
                    "required": [
                        "inRelationTo",
                        "quantitativeOverlap"
                    ],
                    "type": "object"
                }
            ]
        },
        "https://openminds.ebrains.eu/vocab/versionIdentifier": {
            "_instruction": "Enter the version identifier of this parcellation entity version.",
            "description": "Term or code used to identify the version of something.",
            "title": "versionIdentifier",
            "type": "string"
        },
        "https://openminds.ebrains.eu/vocab/versionInnovation": {
            "_instruction": "Enter a short description of the novelties/peculiarities of this parcellation entity version.",
            "description": "Documentation on what changed in comparison to a previously published form of something.",
            "title": "versionInnovation",
            "type": "string"
        }
    },
    "required": [
        "https://openminds.ebrains.eu/vocab/versionIdentifier",
        "https://openminds.ebrains.eu/vocab/name",
        "@id",
        "@type"
    ],
    "type": "object"
}