{
    "$id": "https://openminds.ebrains.eu/core/gRIDID?format=json-schema",
    "$schema": "http://json-schema.org/draft-07/schema#",
    "_type": "https://openminds.ebrains.eu/core/GRIDID",
    "description": "A GRID (Global Research Identifier Database) identifier.",
    "properties": {
        "@id": {
            "description": "Metadata node identifier.",
            "type": "string"
        },
        "@type": {
            "const": "https://openminds.ebrains.eu/core/GRIDID",
            "type": "string"
        },
        "https://openminds.ebrains.eu/vocab/identifier": {
            "_instruction": "Enter the resolvable identifier (IRI) of the Global Research Identifier Database.",
            "description": "Term or code used to identify something or someone.",
            "pattern": "^https://grid.ac/institutes/grid.[0-9]{1,}.([a-f0-9]{1,2})$",
            "title": "identifier",
            "type": "string"
        }
    },
    "required": [
        "@type",
        "https://openminds.ebrains.eu/vocab/identifier",
        "@id"
    ],
    "type": "object"
}