{
    "$id": "https://openminds.ebrains.eu/core/contentType?format=json-schema",
    "$schema": "http://json-schema.org/draft-07/schema#",
    "_type": "https://openminds.ebrains.eu/core/ContentType",
    "description": "Structured information on the content type of a file instance, bundle or repository.",
    "properties": {
        "@id": {
            "description": "Metadata node identifier.",
            "type": "string"
        },
        "@type": {
            "const": "https://openminds.ebrains.eu/core/ContentType",
            "type": "string"
        },
        "https://openminds.ebrains.eu/vocab/associatedFileExtension": {
            "_instruction": "Enter one or several file extensions associated with this content type.",
            "items": {
                "type": "string"
            },
            "minItems": 1,
            "title": "associatedFileExtension",
            "type": "array",
            "uniqueItems": true
        },
        "https://openminds.ebrains.eu/vocab/category": {
            "_instruction": "Enter the category to which this content type belongs to.",
            "title": "category",
            "type": "string"
        },
        "https://openminds.ebrains.eu/vocab/name": {
            "_instruction": "Enter the name (iana-inspired convention) of this content type.",
            "description": "Word or phrase that constitutes the distinctive designation of a being or thing.",
            "title": "name",
            "type": "string"
        },
        "https://openminds.ebrains.eu/vocab/relatedMediaType": {
            "_instruction": "Enter the iternationalized resource identifier (IRI) to a registered media type (e.g. on IANA.org) matching this content type.",
            "description": "Reference to an official two-part identifier for file formats and format contents.",
            "format": "iri",
            "title": "relatedMediaType",
            "type": "string"
        },
        "https://openminds.ebrains.eu/vocab/synonym": {
            "_instruction": "Enter one or several synonyms of this content type.",
            "description": "Words or expressions used in the same language that have the same or nearly the same meaning in some or all senses.",
            "items": {
                "type": "string"
            },
            "minItems": 1,
            "title": "synonym",
            "type": "array",
            "uniqueItems": true
        }
    },
    "required": [
        "@type",
        "@id",
        "https://openminds.ebrains.eu/vocab/associatedFileExtension",
        "https://openminds.ebrains.eu/vocab/category",
        "https://openminds.ebrains.eu/vocab/name"
    ],
    "type": "object"
}