{
    "$id": "https://openminds.ebrains.eu/core/fileInstance?format=json-schema",
    "$schema": "http://json-schema.org/draft-07/schema#",
    "_deprecated": true,
    "_type": "https://openminds.ebrains.eu/core/FileInstance",
    "description": "Structured information on a file instances.",
    "properties": {
        "@id": {
            "description": "Metadata node identifier.",
            "type": "string"
        },
        "@type": {
            "const": "https://openminds.ebrains.eu/core/FileInstance",
            "type": "string"
        },
        "https://openminds.ebrains.eu/vocab/IRI": {
            "_instruction": "Enter the internationalized resource identifier of this file instance.",
            "description": "Stands for Internationalized Resource Identifier which is an internet protocol standard that builds on the URI protocol, extending the set of permitted characters to include Unicode/ISO 10646.",
            "format": "iri",
            "title": "IRI",
            "type": "string"
        },
        "https://openminds.ebrains.eu/vocab/content": {
            "_instruction": "Enter a short content description for this file instance.",
            "description": "Something that is contained.",
            "title": "content",
            "type": "string"
        },
        "https://openminds.ebrains.eu/vocab/format": {
            "_instruction": "Add the content type of this file instance.",
            "description": "Method of digitally organizing and structuring data or information.",
            "else": {
                "properties": {
                    "@id": {
                        "format": "iri",
                        "type": "string"
                    }
                },
                "required": [
                    "@id"
                ]
            },
            "if": {
                "required": [
                    "@type"
                ]
            },
            "then": {
                "properties": {
                    "@id": {
                        "format": "iri",
                        "type": "string"
                    },
                    "@type": {
                        "enum": [
                            "https://openminds.ebrains.eu/core/ContentType"
                        ],
                        "format": "iri",
                        "type": "string"
                    }
                },
                "required": [
                    "@id"
                ]
            },
            "title": "format",
            "type": "object"
        },
        "https://openminds.ebrains.eu/vocab/hash": {
            "_instruction": "Add the hash that was generated for this file instance.",
            "description": "Term used for the process of converting any data into a single value. Often also directly refers to the resulting single value.",
            "else": {
                "properties": {
                    "@id": {
                        "format": "iri",
                        "type": "string"
                    }
                },
                "required": [
                    "@id"
                ]
            },
            "if": {
                "required": [
                    "@type"
                ]
            },
            "then": {
                "properties": {
                    "@id": {
                        "format": "iri",
                        "type": "string"
                    },
                    "@type": {
                        "enum": [
                            "https://openminds.ebrains.eu/core/Hash"
                        ],
                        "format": "iri",
                        "type": "string"
                    }
                },
                "required": [
                    "@id"
                ]
            },
            "title": "hash",
            "type": "object"
        },
        "https://openminds.ebrains.eu/vocab/isPartOf": {
            "_instruction": "Add one or several file bundles in which this file instance can be grouped in.",
            "description": "Reference to the ensemble of multiple things or beings.",
            "items": {
                "else": {
                    "properties": {
                        "@id": {
                            "format": "iri",
                            "type": "string"
                        }
                    },
                    "required": [
                        "@id"
                    ]
                },
                "if": {
                    "required": [
                        "@type"
                    ]
                },
                "then": {
                    "properties": {
                        "@id": {
                            "format": "iri",
                            "type": "string"
                        },
                        "@type": {
                            "enum": [
                                "https://openminds.ebrains.eu/core/FileBundle"
                            ],
                            "format": "iri",
                            "type": "string"
                        }
                    },
                    "required": [
                        "@id"
                    ]
                }
            },
            "minItems": 1,
            "title": "isPartOf",
            "type": "array",
            "uniqueItems": true
        },
        "https://openminds.ebrains.eu/vocab/name": {
            "_instruction": "Enter the name of this file instance.",
            "description": "Word or phrase that constitutes the distinctive designation of a being or thing.",
            "title": "name",
            "type": "string"
        },
        "https://openminds.ebrains.eu/vocab/specialUsageRole": {
            "_instruction": "Add a special usage role for this file instance.",
            "description": "Particular function of something when it is used.",
            "else": {
                "properties": {
                    "@id": {
                        "format": "iri",
                        "type": "string"
                    }
                },
                "required": [
                    "@id"
                ]
            },
            "if": {
                "required": [
                    "@type"
                ]
            },
            "then": {
                "properties": {
                    "@id": {
                        "format": "iri",
                        "type": "string"
                    },
                    "@type": {
                        "enum": [
                            "https://openminds.ebrains.eu/controlledTerms/fileUsageRole"
                        ],
                        "format": "iri",
                        "type": "string"
                    }
                },
                "required": [
                    "@id"
                ]
            },
            "title": "specialUsageRole",
            "type": "object"
        },
        "https://openminds.ebrains.eu/vocab/storageSize": {
            "_type": "https://openminds.ebrains.eu/core/QuantitativeValue",
            "description": "Structured information on a quanitative value.",
            "properties": {
                "uncertainty": {
                    "_instruction": "Enter the measurement uncertainty of this quantitative value.",
                    "description": "Quanitative value range defining the uncertainty of a measurement.",
                    "items": {
                        "type": "number"
                    },
                    "maxItems": 2,
                    "minItems": 2,
                    "title": "uncertainty",
                    "type": "array"
                },
                "unit": {
                    "_instruction": "Add the unit of measurement of this quantitative value.",
                    "_linkedTypes": [
                        "https://openminds.ebrains.eu/controlledTerms/UnitOfMeasurement"
                    ],
                    "description": "Determinate quantity adopted as a standard of measurement.",
                    "title": "unit"
                },
                "value": {
                    "_instruction": "Enter the measurement value of this quantitative value.",
                    "description": "Entry for a property.",
                    "title": "value",
                    "type": "number"
                }
            },
            "required": [
                "value"
            ],
            "type": "object"
        }
    },
    "required": [
        "https://openminds.ebrains.eu/vocab/isPartOf",
        "@id",
        "https://openminds.ebrains.eu/vocab/IRI",
        "@type",
        "https://openminds.ebrains.eu/vocab/name"
    ],
    "type": "object"
}