{
    "$id": "https://openminds.ebrains.eu/core/license?format=json-schema",
    "$schema": "http://json-schema.org/draft-07/schema#",
    "_type": "https://openminds.ebrains.eu/core/License",
    "description": "Structured information on a used license.",
    "properties": {
        "@id": {
            "description": "Metadata node identifier.",
            "type": "string"
        },
        "@type": {
            "const": "https://openminds.ebrains.eu/core/License",
            "type": "string"
        },
        "https://openminds.ebrains.eu/vocab/deed": {
            "_instruction": "Enter the internationalized resource identifier (IRI) pointing to the deed of this license.",
            "format": "iri",
            "title": "deed",
            "type": "string"
        },
        "https://openminds.ebrains.eu/vocab/fullName": {
            "_instruction": "Enter the full name of this license.",
            "description": "Whole, non-abbreviated name of something or somebody.",
            "title": "fullName",
            "type": "string"
        },
        "https://openminds.ebrains.eu/vocab/legalCode": {
            "_instruction": "Enter the internationalized resource identifier (IRI) pointing to the legal code of this license.",
            "description": "Type of legislation that claims to cover the law system (complete or parts) as it existed at the time the code was enacted.",
            "format": "iri",
            "title": "legalCode",
            "type": "string"
        },
        "https://openminds.ebrains.eu/vocab/shortName": {
            "_instruction": "Enter the short name of this license.",
            "description": "Shortened or fully abbreviated name of something or somebody.",
            "title": "shortName",
            "type": "string"
        }
    },
    "required": [
        "https://openminds.ebrains.eu/vocab/shortName",
        "https://openminds.ebrains.eu/vocab/legalCode",
        "https://openminds.ebrains.eu/vocab/fullName",
        "@type",
        "@id"
    ],
    "type": "object"
}