{
    "_type": "https://openminds.ebrains.eu/core/ProtocolExecution",
    "properties": {
        "behavioralProtocol": {
            "type": "array",
            "minItems": 1,
            "uniqueItems": true,
            "_instruction": "Add all behavioral protocols that were performed during this protocol execution.",
            "_linkedTypes": [
                "https://openminds.ebrains.eu/core/BehavioralProtocol"
            ],
            "title": "behavioralProtocol"
        },
        "input": {
            "_linkedTypes": [
                "https://openminds.ebrains.eu/core/File",
                "https://openminds.ebrains.eu/core/FileBundle",
                "https://openminds.ebrains.eu/core/SubjectGroupState",
                "https://openminds.ebrains.eu/core/SubjectState",
                "https://openminds.ebrains.eu/core/TissueSampleCollectionState",
                "https://openminds.ebrains.eu/core/TissueSampleState",
                "https://openminds.ebrains.eu/sands/BrainAtlasVersion",
                "https://openminds.ebrains.eu/sands/CommonCoordinateSpaceVersion"
            ],
            "type": "array",
            "minItems": 1,
            "uniqueItems": true,
            "_instruction": "Add all inputs used by this activity.",
            "description": "Something or someone that is put into or participates in a process or machine.",
            "title": "input"
        },
        "output": {
            "_linkedTypes": [
                "https://openminds.ebrains.eu/core/File",
                "https://openminds.ebrains.eu/core/FileBundle",
                "https://openminds.ebrains.eu/core/SubjectGroupState",
                "https://openminds.ebrains.eu/core/SubjectState",
                "https://openminds.ebrains.eu/core/TissueSampleCollectionState",
                "https://openminds.ebrains.eu/core/TissueSampleState"
            ],
            "type": "array",
            "minItems": 1,
            "uniqueItems": true,
            "_instruction": "Add all outputs generated by this activity.",
            "description": "Something or someone that comes out of, is delivered or produced by a process or machine.",
            "title": "output"
        },
        "isPartOf": {
            "_instruction": "Add the dataset version in which this activity was conducted.",
            "_linkedTypes": [
                "https://openminds.ebrains.eu/core/DatasetVersion"
            ],
            "description": "Reference to the ensemble of multiple things or beings.",
            "title": "isPartOf"
        },
        "preparationDesign": {
            "_instruction": "Add the initial preparation type for this activity.",
            "_linkedTypes": [
                "https://openminds.ebrains.eu/controlledTerms/PreparationType"
            ],
            "title": "preparationDesign"
        },
        "protocol": {
            "type": "array",
            "minItems": 1,
            "uniqueItems": true,
            "_instruction": "Add all protocols used during this activity.",
            "_linkedTypes": [
                "https://openminds.ebrains.eu/core/Protocol"
            ],
            "description": "Plan that describes the process of a scientific or medical experiment, treatment, or procedure.",
            "title": "protocol"
        },
        "customPropertySet": {
            "type": "array",
            "minItems": 1,
            "uniqueItems": true,
            "_instruction": "Add any user-defined parameters grouped in context-specific sets that are not covered in the standardized properties of this activity.",
            "_embeddedTypes": [
                "https://openminds.ebrains.eu/core/CustomPropertySet"
            ],
            "title": "customPropertySet"
        },
        "description": {
            "type": "string",
            "_instruction": "Enter a description of this activity.",
            "description": "Longer statement or account giving the characteristics of someone or something.",
            "title": "description"
        },
        "endTime": {
            "type": "string",
            "_formats": [
                "date-time",
                "time"
            ],
            "_instruction": "Enter the date and/or time on when this activity ended, formatted as either '2023-02-07T16:00:00+00:00' (date-time) or '16:00:00+00:00' (time).",
            "title": "endTime"
        },
        "lookupLabel": {
            "type": "string",
            "_instruction": "Enter a lookup label for this activity that may help you to find this instance more easily.",
            "title": "lookupLabel"
        },
        "performedBy": {
            "type": "array",
            "minItems": 1,
            "uniqueItems": true,
            "_instruction": "Add all agents that performed this activity.",
            "_linkedTypes": [
                "https://openminds.ebrains.eu/computation/SoftwareAgent",
                "https://openminds.ebrains.eu/core/Person"
            ],
            "title": "performedBy"
        },
        "startTime": {
            "type": "string",
            "_formats": [
                "date-time",
                "time"
            ],
            "_instruction": "Enter the date and/or time on when this activity started, formatted as either '2023-02-07T16:00:00+00:00' (date-time) or '16:00:00+00:00' (time).",
            "title": "startTime"
        },
        "studyTarget": {
            "type": "array",
            "minItems": 1,
            "uniqueItems": true,
            "_instruction": "Add all study targets of this activity.",
            "_linkedTypes": [
                "https://openminds.ebrains.eu/controlledTerms/OrganismSubstance",
                "https://openminds.ebrains.eu/controlledTerms/SubcellularEntity",
                "https://openminds.ebrains.eu/controlledTerms/Species",
                "https://openminds.ebrains.eu/controlledTerms/OrganismSystem",
                "https://openminds.ebrains.eu/controlledTerms/CellType",
                "https://openminds.ebrains.eu/controlledTerms/Organ",
                "https://openminds.ebrains.eu/controlledTerms/AuditoryStimulusType",
                "https://openminds.ebrains.eu/controlledTerms/CellCultureType",
                "https://openminds.ebrains.eu/controlledTerms/MolecularEntity",
                "https://openminds.ebrains.eu/controlledTerms/TactileStimulusType",
                "https://openminds.ebrains.eu/controlledTerms/BreedingType",
                "https://openminds.ebrains.eu/controlledTerms/Disease",
                "https://openminds.ebrains.eu/controlledTerms/Handedness",
                "https://openminds.ebrains.eu/controlledTerms/UBERONParcellation",
                "https://openminds.ebrains.eu/controlledTerms/GeneticStrainType",
                "https://openminds.ebrains.eu/controlledTerms/DiseaseModel",
                "https://openminds.ebrains.eu/controlledTerms/GustatoryStimulusType",
                "https://openminds.ebrains.eu/controlledTerms/BiologicalOrder",
                "https://openminds.ebrains.eu/controlledTerms/ElectricalStimulusType",
                "https://openminds.ebrains.eu/controlledTerms/OpticalStimulusType",
                "https://openminds.ebrains.eu/controlledTerms/VisualStimulusType",
                "https://openminds.ebrains.eu/controlledTerms/TermSuggestion",
                "https://openminds.ebrains.eu/controlledTerms/OlfactoryStimulusType",
                "https://openminds.ebrains.eu/controlledTerms/BiologicalSex",
                "https://openminds.ebrains.eu/sands/CustomAnatomicalEntity",
                "https://openminds.ebrains.eu/sands/ParcellationEntityVersion",
                "https://openminds.ebrains.eu/sands/ParcellationEntity"
            ],
            "description": "Structure or function that was targeted within a study.",
            "title": "studyTarget"
        }
    },
    "required": [
        "output",
        "isPartOf",
        "input",
        "protocol"
    ],
    "description": "Structured information on a protocol execution."
}