{
    "_type": "https://openminds.ebrains.eu/core/Protocol",
    "required": [
        "description",
        "name",
        "technique"
    ],
    "properties": {
        "describedIn": {
            "_instruction": "Add a publication or file in which this behavioral protocol is (originally) described in detail.",
            "_linkedTypes": [
                "https://openminds.ebrains.eu/core/DOI",
                "https://openminds.ebrains.eu/core/File",
                "https://openminds.ebrains.eu/core/WebResource"
            ],
            "title": "describedIn"
        },
        "description": {
            "type": "string",
            "_instruction": "Enter a description of this protocol.",
            "description": "Longer statement or account giving the characteristics of someone or something.",
            "title": "description"
        },
        "name": {
            "type": "string",
            "_instruction": "Enter a descriptive name for this protocol.",
            "description": "Word or phrase that constitutes the distinctive designation of a being or thing.",
            "title": "name"
        },
        "stimulusType": {
            "type": "array",
            "minItems": 1,
            "uniqueItems": true,
            "_instruction": "Add all stimulus types used with this protocol.",
            "_linkedTypes": [
                "https://openminds.ebrains.eu/controlledTerms/VisualStimulusType",
                "https://openminds.ebrains.eu/controlledTerms/ElectricalStimulusType",
                "https://openminds.ebrains.eu/controlledTerms/TactileStimulusType",
                "https://openminds.ebrains.eu/controlledTerms/AuditoryStimulusType",
                "https://openminds.ebrains.eu/controlledTerms/GustatoryStimulusType",
                "https://openminds.ebrains.eu/controlledTerms/OpticalStimulusType",
                "https://openminds.ebrains.eu/controlledTerms/OlfactoryStimulusType"
            ],
            "title": "stimulusType"
        },
        "technique": {
            "type": "array",
            "minItems": 1,
            "uniqueItems": true,
            "_instruction": "Add all techniques (including stimulation approaches and/or techniques) that were used in this protocol.",
            "_linkedTypes": [
                "https://openminds.ebrains.eu/controlledTerms/StimulationApproach",
                "https://openminds.ebrains.eu/controlledTerms/Technique",
                "https://openminds.ebrains.eu/controlledTerms/StimulationTechnique",
                "https://openminds.ebrains.eu/controlledTerms/AnalysisTechnique"
            ],
            "description": "Method of accomplishing a desired aim.",
            "title": "technique"
        }
    },
    "description": "Structured information on a research project."
}