{
    "_type": "https://openminds.ebrains.eu/core/TissueSampleCollection",
    "required": [
        "origin",
        "species",
        "type",
        "studiedState"
    ],
    "properties": {
        "anatomicalLocation": {
            "type": "array",
            "minItems": 1,
            "uniqueItems": true,
            "_instruction": "Add all anatomical entities to which this tissue sample belongs.",
            "_linkedTypes": [
                "https://openminds.ebrains.eu/controlledTerms/UBERONParcellation",
                "https://openminds.ebrains.eu/sands/CustomAnatomicalEntity",
                "https://openminds.ebrains.eu/sands/ParcellationEntity",
                "https://openminds.ebrains.eu/sands/ParcellationEntityVersion"
            ],
            "title": "anatomicalLocation"
        },
        "laterality": {
            "type": "array",
            "maxItems": 2,
            "minItems": 1,
            "uniqueItems": true,
            "_instruction": "Add one or both hemisphere sides from which the tissue samples in this collection originate from.",
            "_linkedTypes": [
                "https://openminds.ebrains.eu/controlledTerms/Laterality"
            ],
            "description": "Differentiation between a pair of lateral homologous parts of the body.",
            "title": "laterality"
        },
        "origin": {
            "type": "array",
            "minItems": 1,
            "uniqueItems": true,
            "_instruction": "Add the biogical origin (organ or cell type) of all tissue samples in this collection.",
            "_linkedTypes": [
                "https://openminds.ebrains.eu/controlledTerms/CellType",
                "https://openminds.ebrains.eu/controlledTerms/Organ"
            ],
            "description": "Source at which something begins or rises, or from which something derives.",
            "title": "origin"
        },
        "studiedState": {
            "type": "array",
            "minItems": 1,
            "uniqueItems": true,
            "_instruction": "Add all states in which this tissue sample collection was studied.",
            "_linkedTypes": [
                "https://openminds.ebrains.eu/core/TissueSampleCollectionState"
            ],
            "description": "Reference to a point in time at which something or someone was studied in a particular mode or condition.",
            "title": "studiedState"
        },
        "type": {
            "type": "array",
            "minItems": 1,
            "uniqueItems": true,
            "_instruction": "Add the type of all tissue samples in this collection.",
            "_linkedTypes": [
                "https://openminds.ebrains.eu/controlledTerms/TissueSampleType"
            ],
            "description": "Distinct class to which a group of entities or concepts with similar characteristics or attributes belong to.",
            "title": "type"
        },
        "additionalRemarks": {
            "type": "string",
            "_instruction": "Enter additional remarks about the specimen set.",
            "description": "Mention of what deserves additional attention or notice.",
            "title": "additionalRemarks"
        },
        "biologicalSex": {
            "type": "array",
            "minItems": 1,
            "uniqueItems": true,
            "_instruction": "Add the biological sex of all specimen in this set.",
            "_linkedTypes": [
                "https://openminds.ebrains.eu/controlledTerms/BiologicalSex"
            ],
            "description": "Differentiation of individuals of most species (animals and plants) based on the type of gametes they produce.",
            "title": "biologicalSex"
        },
        "internalIdentifier": {
            "type": "string",
            "_instruction": "Enter the identifier of this specimen set that is used within the corresponding data.",
            "description": "Term or code that identifies someone or something within a particular product.",
            "title": "internalIdentifier"
        },
        "lookupLabel": {
            "type": "string",
            "_instruction": "Enter a lookup label for this specimen set that may help you to more easily find it again.",
            "title": "lookupLabel"
        },
        "quantity": {
            "type": "integer",
            "_instruction": "Enter the number of specimen that belong to this set.",
            "description": "Total amount or number of things or beings.",
            "title": "quantity"
        },
        "species": {
            "type": "array",
            "minItems": 1,
            "uniqueItems": true,
            "_instruction": "Add the species and/or the strain (a sub-type of a genetic variant of species) of all specimen in this set.",
            "_linkedTypes": [
                "https://openminds.ebrains.eu/controlledTerms/Species",
                "https://openminds.ebrains.eu/core/Strain"
            ],
            "description": "Category of biological classification comprising related organisms or populations potentially capable of interbreeding, and being designated by a binomial that consists of the name of a genus followed by a Latin or latinized uncapitalized noun or adjective.",
            "title": "species"
        }
    },
    "_categories": [
        "fileOrigin"
    ]
}