{
    "_type": "https://openminds.ebrains.eu/core/TissueSampleCollection",
    "required": [
        "type",
        "origin",
        "studiedState",
        "species"
    ],
    "properties": {
        "anatomicalLocation": {
            "type": "array",
            "minItems": 1,
            "uniqueItems": true,
            "_instruction": "Add all anatomical entities that describe the anatomical location of this tissue sample collection.",
            "_linkedTypes": [
                "https://openminds.ebrains.eu/controlledTerms/SubcellularEntity",
                "https://openminds.ebrains.eu/controlledTerms/UBERONParcellation",
                "https://openminds.ebrains.eu/controlledTerms/Organ",
                "https://openminds.ebrains.eu/controlledTerms/CellType",
                "https://openminds.ebrains.eu/controlledTerms/OrganismSubstance",
                "https://openminds.ebrains.eu/sands/ParcellationEntityVersion",
                "https://openminds.ebrains.eu/sands/ParcellationEntity",
                "https://openminds.ebrains.eu/sands/CustomAnatomicalEntity"
            ],
            "title": "anatomicalLocation"
        },
        "laterality": {
            "type": "array",
            "minItems": 1,
            "maxItems": 2,
            "uniqueItems": true,
            "_instruction": "Add one or both sides of the body, bilateral organ or bilateral organ part that this tissue sample collection originates from.",
            "_linkedTypes": [
                "https://openminds.ebrains.eu/controlledTerms/Laterality"
            ],
            "description": "Differentiation between a pair of lateral homologous parts of the body.",
            "title": "laterality"
        },
        "numberOfTissueSamples": {
            "type": "integer",
            "minimum": 2,
            "_instruction": "Enter the number of tissue samples that belong to this tissue sample collection.",
            "title": "numberOfTissueSamples"
        },
        "origin": {
            "type": "array",
            "minItems": 1,
            "uniqueItems": true,
            "_instruction": "Add the biogical origin of all tissue samples in this collection.",
            "_linkedTypes": [
                "https://openminds.ebrains.eu/controlledTerms/CellType",
                "https://openminds.ebrains.eu/controlledTerms/Organ",
                "https://openminds.ebrains.eu/controlledTerms/OrganismSubstance"
            ],
            "description": "Source at which something begins or rises, or from which something derives.",
            "title": "origin"
        },
        "studiedState": {
            "type": "array",
            "minItems": 1,
            "uniqueItems": true,
            "_instruction": "Add all states in which this tissue sample collection was studied.",
            "_linkedTypes": [
                "https://openminds.ebrains.eu/core/TissueSampleCollectionState"
            ],
            "description": "Reference to a point in time at which something or someone was studied in a particular mode or condition.",
            "title": "studiedState"
        },
        "type": {
            "type": "array",
            "minItems": 1,
            "uniqueItems": true,
            "_instruction": "Add the type of all tissue samples in this collection.",
            "_linkedTypes": [
                "https://openminds.ebrains.eu/controlledTerms/TissueSampleType"
            ],
            "description": "Distinct class to which a group of entities or concepts with similar characteristics or attributes belong to.",
            "title": "type"
        },
        "additionalRemarks": {
            "type": "string",
            "_instruction": "Enter any additional remarks concering this specimen set.",
            "description": "Mention of what deserves additional attention or notice.",
            "title": "additionalRemarks"
        },
        "biologicalSex": {
            "type": "array",
            "minItems": 1,
            "uniqueItems": true,
            "_instruction": "Add the biological sex of all specimen in this set.",
            "_linkedTypes": [
                "https://openminds.ebrains.eu/controlledTerms/BiologicalSex"
            ],
            "description": "Differentiation of individuals of most species (animals and plants) based on the type of gametes they produce.",
            "title": "biologicalSex"
        },
        "internalIdentifier": {
            "type": "string",
            "_instruction": "Enter the identifier (or label) of this specimen set that is used within the corresponding data files to identify this specimen set.",
            "description": "Term or code that identifies someone or something within a particular product.",
            "title": "internalIdentifier"
        },
        "lookupLabel": {
            "type": "string",
            "_instruction": "Enter a lookup label for this specimen set that may help you to find this instance more easily.",
            "title": "lookupLabel"
        },
        "species": {
            "type": "array",
            "minItems": 1,
            "uniqueItems": true,
            "_instruction": "Add the species and/or strain (a sub-type of a genetic variant of species) of all specimen in this set.",
            "_linkedTypes": [
                "https://openminds.ebrains.eu/controlledTerms/Species",
                "https://openminds.ebrains.eu/core/Strain"
            ],
            "description": "Category of biological classification comprising related organisms or populations potentially capable of interbreeding, and being designated by a binomial that consists of the name of a genus followed by a Latin or latinized uncapitalized noun or adjective.",
            "title": "species"
        }
    },
    "_categories": [
        "fileOrigin"
    ]
}