{
    "_type": "https://openminds.ebrains.eu/core/TissueSample",
    "required": [
        "origin",
        "type",
        "internalIdentifier",
        "studiedState",
        "species"
    ],
    "properties": {
        "isPartOf": {
            "type": "array",
            "minItems": 1,
            "uniqueItems": true,
            "_instruction": "Add all tissue sample collections of which this tissue sample is part of.",
            "_linkedTypes": [
                "https://openminds.ebrains.eu/core/TissueSampleCollection"
            ],
            "description": "Reference to the ensemble of multiple things or beings.",
            "title": "isPartOf"
        },
        "laterality": {
            "type": "array",
            "maxItems": 2,
            "minItems": 1,
            "uniqueItems": true,
            "_instruction": "Add one or both hemisphere sides from which this tissue sample originates from.",
            "_linkedTypes": [
                "https://openminds.ebrains.eu/controlledTerms/Laterality"
            ],
            "description": "Differentiation between a pair of lateral homologous parts of the body.",
            "title": "laterality"
        },
        "origin": {
            "_instruction": "Add the biogical origin (organ or cell type) of this tissue sample.",
            "_linkedTypes": [
                "https://openminds.ebrains.eu/controlledTerms/CellType",
                "https://openminds.ebrains.eu/controlledTerms/Organ"
            ],
            "description": "Source at which something begins or rises, or from which something derives.",
            "title": "origin"
        },
        "studiedState": {
            "type": "array",
            "minItems": 1,
            "uniqueItems": true,
            "_instruction": "Add all states in which this tissue sample was studied.",
            "_linkedTypes": [
                "https://openminds.ebrains.eu/core/TissueSampleState"
            ],
            "description": "Reference to a point in time at which something or someone was studied in a particular mode or condition.",
            "title": "studiedState"
        },
        "anatomicalLocation": {
            "type": "array",
            "minItems": 1,
            "uniqueItems": true,
            "_instruction": "Add all anatomical entities to which this tissue sample belongs.",
            "_linkedTypes": [
                "https://openminds.ebrains.eu/controlledTerms/UBERONParcellation",
                "https://openminds.ebrains.eu/sands/CustomAnatomicalEntity",
                "https://openminds.ebrains.eu/sands/ParcellationEntity",
                "https://openminds.ebrains.eu/sands/ParcellationEntityVersion"
            ],
            "title": "anatomicalLocation"
        },
        "type": {
            "_instruction": "Add the type of this tissue sample.",
            "_linkedTypes": [
                "https://openminds.ebrains.eu/controlledTerms/TissueSampleType"
            ],
            "description": "Distinct class to which a group of entities or concepts with similar characteristics or attributes belong to.",
            "title": "type"
        },
        "biologicalSex": {
            "_instruction": "Add the biological sex of this specimen.",
            "_linkedTypes": [
                "https://openminds.ebrains.eu/controlledTerms/BiologicalSex"
            ],
            "description": "Differentiation of individuals of most species (animals and plants) based on the type of gametes they produce.",
            "title": "biologicalSex"
        },
        "internalIdentifier": {
            "type": "string",
            "_instruction": "Enter the identifier of this specimen that is used within the corresponding data.",
            "description": "Term or code that identifies someone or something within a particular product.",
            "title": "internalIdentifier"
        },
        "lookupLabel": {
            "type": "string",
            "_instruction": "Enter a lookup label for this specimen that may help you to more easily find it again.",
            "title": "lookupLabel"
        },
        "species": {
            "_instruction": "Add the species or the strain (a sub-type of a genetic variant of species) of this specimen.",
            "_linkedTypes": [
                "https://openminds.ebrains.eu/controlledTerms/Species",
                "https://openminds.ebrains.eu/core/Strain"
            ],
            "description": "Category of biological classification comprising related organisms or populations potentially capable of interbreeding, and being designated by a binomial that consists of the name of a genus followed by a Latin or latinized uncapitalized noun or adjective.",
            "title": "species"
        }
    },
    "_categories": [
        "fileOrigin"
    ],
    "description": "Structured information on a tissue sample."
}