{
    "_type": "https://openminds.ebrains.eu/publications/LearningResource",
    "required": [
        "name",
        "about",
        "datePublished"
    ],
    "properties": {
        "competencyRequired": {
            "type": "string",
            "_instruction": "Enter the knowledge, skills, or abilities that are prerequisites for being able to use the learning resource.",
            "title": "competencyRequired"
        },
        "educationalLevel": {
            "_instruction": "Add the level of the resource in terms of progression through an educational or training context.",
            "_linkedTypes": [
                "https://openminds.ebrains.eu/controlledTerms/EducationalLevel"
            ],
            "title": "educationalLevel"
        },
        "learningResourceType": {
            "_instruction": "Add the type of the learning resource",
            "_linkedTypes": [
                "https://openminds.ebrains.eu/controlledTerms/LearningResourceType"
            ],
            "title": "learningResourceType"
        },
        "teaches": {
            "type": "string",
            "_instruction": "Enter a description of the learning objectives.",
            "title": "teaches"
        },
        "timeRequired": {
            "_instruction": "Typical time it takes to work with or through this learning resource for the target audience.",
            "_embeddedTypes": [
                "https://openminds.ebrains.eu/core/QuantitativeValue",
                "https://openminds.ebrains.eu/core/QuantitativeValueRange"
            ],
            "title": "timeRequired"
        },
        "about": {
            "type": "array",
            "minItems": 1,
            "uniqueItems": true,
            "_instruction": "Add the research product(s) to which this learning resource applies.",
            "_linkedTypes": [
                "https://openminds.ebrains.eu/core/DatasetVersion",
                "https://openminds.ebrains.eu/core/ModelVersion",
                "https://openminds.ebrains.eu/core/SoftwareVersion",
                "https://openminds.ebrains.eu/core/WebServiceVersion",
                "https://openminds.ebrains.eu/core/MetaDataModelVersion"
            ],
            "title": "about"
        },
        "abstract": {
            "type": "string",
            "_instruction": "Enter the abstract of the creative work.",
            "title": "abstract"
        },
        "custodian": {
            "type": "array",
            "minItems": 1,
            "uniqueItems": true,
            "_instruction": "Enter the person or people responsible for the creative work (e.g. the corresponding author).",
            "_linkedTypes": [
                "https://openminds.ebrains.eu/core/Person",
                "https://openminds.ebrains.eu/core/Consortium",
                "https://openminds.ebrains.eu/core/Organization"
            ],
            "description": "The 'custodian' is a legal person who is responsible for the content and quality of the data, metadata, and/or code of a research product.",
            "title": "custodian"
        },
        "author": {
            "type": "array",
            "minItems": 1,
            "uniqueItems": true,
            "_instruction": "Add one or several authors (person or organization) that contributed to the production and publication of this creative work.",
            "_linkedTypes": [
                "https://openminds.ebrains.eu/core/Person",
                "https://openminds.ebrains.eu/core/Consortium",
                "https://openminds.ebrains.eu/core/Organization"
            ],
            "description": "Creator of a literary or creative work, as well as a dataset publication.",
            "title": "author"
        },
        "citedPublication": {
            "type": "array",
            "minItems": 1,
            "uniqueItems": true,
            "_instruction": "Add citations or references from this work to another creative work",
            "_linkedTypes": [
                "https://openminds.ebrains.eu/core/DOI",
                "https://openminds.ebrains.eu/core/ISBN"
            ],
            "title": "citedPublication"
        },
        "copyright": {
            "_instruction": "Add the copyright information of this creative work.",
            "_embeddedTypes": [
                "https://openminds.ebrains.eu/core/Copyright"
            ],
            "description": "Exclusive and assignable legal right of an originator to reproduce, publish, sell, or distribute the matter and form of a creative work for a defined time period.",
            "title": "copyright"
        },
        "dateCreated": {
            "type": "string",
            "_formats": [
                "date"
            ],
            "_instruction": "Enter the date on which the creative work was created.",
            "title": "dateCreated"
        },
        "dateModified": {
            "type": "string",
            "_formats": [
                "date"
            ],
            "_instruction": "Enter the date on which the creative work was last modified.",
            "title": "dateModified"
        },
        "datePublished": {
            "type": "string",
            "_formats": [
                "date"
            ],
            "_instruction": "Enter the date when this version of the creative work was published or uploaded to a preprint server.",
            "title": "datePublished"
        },
        "digitalIdentifier": {
            "_instruction": "Add the globally unique and persistent digital identifier of this creative work.",
            "_linkedTypes": [
                "https://openminds.ebrains.eu/core/DOI"
            ],
            "description": "Digital handle to identify objects or legal persons.",
            "title": "digitalIdentifier"
        },
        "editor": {
            "type": "array",
            "minItems": 1,
            "uniqueItems": true,
            "_instruction": "Add one or more people who edited the creative work.",
            "_linkedTypes": [
                "https://openminds.ebrains.eu/core/Person"
            ],
            "title": "editor"
        },
        "funding": {
            "type": "array",
            "minItems": 1,
            "uniqueItems": true,
            "_instruction": "Add all funding information of this creative work version.",
            "_linkedTypes": [
                "https://openminds.ebrains.eu/core/Funding"
            ],
            "description": "Money provided by a legal person for a particular purpose.",
            "title": "funding"
        },
        "name": {
            "type": "string",
            "_instruction": "Enter the full title of this creative work.",
            "description": "Word or phrase that constitutes the distinctive designation of a being or thing.",
            "title": "name"
        },
        "keyword": {
            "type": "array",
            "minItems": 1,
            "uniqueItems": true,
            "_instruction": "Add controlled or suggest new terms as keywords to this creative work",
            "_linkedTypes": [
                "https://openminds.ebrains.eu/controlledTerms/BiologicalOrder",
                "https://openminds.ebrains.eu/controlledTerms/TermSuggestion",
                "https://openminds.ebrains.eu/controlledTerms/VisualStimulusType",
                "https://openminds.ebrains.eu/controlledTerms/CellCultureType",
                "https://openminds.ebrains.eu/controlledTerms/MolecularEntity",
                "https://openminds.ebrains.eu/controlledTerms/GeneticStrainType",
                "https://openminds.ebrains.eu/controlledTerms/GustatoryStimulusType",
                "https://openminds.ebrains.eu/controlledTerms/Organ",
                "https://openminds.ebrains.eu/controlledTerms/Disease",
                "https://openminds.ebrains.eu/controlledTerms/TactileStimulusType",
                "https://openminds.ebrains.eu/controlledTerms/AuditoryStimulusType",
                "https://openminds.ebrains.eu/controlledTerms/UBERONParcellation",
                "https://openminds.ebrains.eu/controlledTerms/BiologicalSex",
                "https://openminds.ebrains.eu/controlledTerms/Species",
                "https://openminds.ebrains.eu/controlledTerms/OpticalStimulusType",
                "https://openminds.ebrains.eu/controlledTerms/DiseaseModel",
                "https://openminds.ebrains.eu/controlledTerms/OlfactoryStimulusType",
                "https://openminds.ebrains.eu/controlledTerms/Handedness",
                "https://openminds.ebrains.eu/controlledTerms/CellType",
                "https://openminds.ebrains.eu/controlledTerms/BreedingType",
                "https://openminds.ebrains.eu/controlledTerms/ElectericalStimulusType",
                "https://openminds.ebrains.eu/controlledTerms/SubcellularEntity",
                "https://openminds.ebrains.eu/sands/ParcellationEntity",
                "https://openminds.ebrains.eu/sands/ParcellationEntityVersion",
                "https://openminds.ebrains.eu/sands/CustomAnatomicalEntity"
            ],
            "description": "Significant word or concept that are representative of something or someone.",
            "title": "keyword"
        },
        "license": {
            "_instruction": "Add the license for this creative work.",
            "_linkedTypes": [
                "https://openminds.ebrains.eu/core/License"
            ],
            "description": "Grant by a party to another party as an element of an agreement between those parties that permits to do, use, or own something.",
            "title": "license"
        },
        "publisher": {
            "_instruction": "Enter the person or organisation who/which published this version of the creative work.",
            "_linkedTypes": [
                "https://openminds.ebrains.eu/core/Person",
                "https://openminds.ebrains.eu/core/Consortium",
                "https://openminds.ebrains.eu/core/Organization"
            ],
            "title": "publisher"
        },
        "IRI": {
            "type": "string",
            "_formats": [
                "iri"
            ],
            "_instruction": "Enter a URL/IRI at which this creative work is available.",
            "description": "Stands for Internationalized Resource Identifier which is an internet protocol standard that builds on the URI protocol, extending the set of permitted characters to include Unicode/ISO 10646.",
            "title": "IRI"
        },
        "versionIdentifier": {
            "type": "string",
            "_instruction": "Enter the version identifier of this creative work.",
            "description": "Term or code used to identify the version of something.",
            "title": "versionIdentifier"
        }
    }
}