{
    "$id": "https://openminds.ebrains.eu/core/iSSN?format=json-schema",
    "$schema": "http://json-schema.org/draft-07/schema#",
    "_type": "https://openminds.ebrains.eu/core/ISSN",
    "properties": {
        "@id": {
            "description": "Metadata node identifier.",
            "type": "string"
        },
        "@type": {
            "const": "https://openminds.ebrains.eu/core/ISSN",
            "type": "string"
        },
        "https://openminds.ebrains.eu/vocab/identifier": {
            "_instruction": "Enter the International Standard Serial Number of the ISSN International Centre.",
            "description": "Term or code used to identify something or someone.",
            "pattern": "^[0-9]{4}-[0-9]{3}[0-9X]$",
            "title": "identifier",
            "type": "string"
        }
    },
    "required": [
        "@type",
        "https://openminds.ebrains.eu/vocab/identifier",
        "@id"
    ],
    "type": "object"
}