{
    "$id": "https://openminds.ebrains.eu/core/researchProductGroup?format=json-schema",
    "$schema": "http://json-schema.org/draft-07/schema#",
    "_type": "https://openminds.ebrains.eu/core/ResearchProductGroup",
    "properties": {
        "@id": {
            "description": "Metadata node identifier.",
            "type": "string"
        },
        "@type": {
            "const": "https://openminds.ebrains.eu/core/ResearchProductGroup",
            "type": "string"
        },
        "https://openminds.ebrains.eu/vocab/context": {
            "_instruction": "Enter the common context for this research product group.",
            "title": "context",
            "type": "string"
        },
        "https://openminds.ebrains.eu/vocab/hasPart": {
            "_instruction": "Add all research products (research product versions) that should be grouped under the given 'context'.",
            "items": {
                "else": {
                    "properties": {
                        "@id": {
                            "format": "iri",
                            "type": "string"
                        }
                    },
                    "required": [
                        "@id"
                    ]
                },
                "if": {
                    "required": [
                        "@type"
                    ]
                },
                "then": {
                    "properties": {
                        "@id": {
                            "format": "iri",
                            "type": "string"
                        },
                        "@type": {
                            "enum": [
                                "https://openminds.ebrains.eu/computation/ValidationTestVersion",
                                "https://openminds.ebrains.eu/computation/WorkflowRecipeVersion",
                                "https://openminds.ebrains.eu/computation/WorkflowRecipe",
                                "https://openminds.ebrains.eu/computation/ValidationTest",
                                "https://openminds.ebrains.eu/core/Dataset",
                                "https://openminds.ebrains.eu/core/MetaDataModel",
                                "https://openminds.ebrains.eu/core/DatasetVersion",
                                "https://openminds.ebrains.eu/core/Software",
                                "https://openminds.ebrains.eu/core/WebServiceVersion",
                                "https://openminds.ebrains.eu/core/MetaDataModelVersion",
                                "https://openminds.ebrains.eu/core/WebService",
                                "https://openminds.ebrains.eu/core/Model",
                                "https://openminds.ebrains.eu/core/ModelVersion",
                                "https://openminds.ebrains.eu/core/SoftwareVersion",
                                "https://openminds.ebrains.eu/publications/LivePaperVersion",
                                "https://openminds.ebrains.eu/publications/LivePaper",
                                "https://openminds.ebrains.eu/sands/BrainAtlas",
                                "https://openminds.ebrains.eu/sands/CommonCoordinateSpace",
                                "https://openminds.ebrains.eu/sands/CommonCoordinateSpaceVersion",
                                "https://openminds.ebrains.eu/sands/BrainAtlasVersion"
                            ],
                            "format": "iri",
                            "type": "string"
                        }
                    },
                    "required": [
                        "@id"
                    ]
                }
            },
            "minItems": 1,
            "title": "hasPart",
            "type": "array",
            "uniqueItems": true
        }
    },
    "required": [
        "@type",
        "https://openminds.ebrains.eu/vocab/context",
        "https://openminds.ebrains.eu/vocab/hasPart",
        "@id"
    ],
    "type": "object"
}