{
    "$id": "https://openminds.ebrains.eu/core/metaDataModelVersion?format=json-schema",
    "$schema": "http://json-schema.org/draft-07/schema#",
    "_type": "https://openminds.ebrains.eu/core/MetaDataModelVersion",
    "properties": {
        "@id": {
            "description": "Metadata node identifier.",
            "type": "string"
        },
        "@type": {
            "const": "https://openminds.ebrains.eu/core/MetaDataModelVersion",
            "type": "string"
        },
        "accessibility": {
            "_instruction": "Add the accessibility of the data for this research product version.",
            "else": {
                "properties": {
                    "@id": {
                        "format": "iri",
                        "type": "string"
                    }
                },
                "required": [
                    "@id"
                ]
            },
            "if": {
                "required": [
                    "@type"
                ]
            },
            "then": {
                "properties": {
                    "@id": {
                        "format": "iri",
                        "type": "string"
                    },
                    "@type": {
                        "enum": [
                            "https://openminds.ebrains.eu/controlledTerms/ProductAccessibility"
                        ],
                        "format": "iri",
                        "type": "string"
                    }
                },
                "required": [
                    "@id"
                ]
            },
            "title": "Accessibility",
            "type": "object"
        },
        "copyright": {
            "_type": "https://openminds.ebrains.eu/core/Copyright",
            "description": "Structured information on the copyright.",
            "properties": {
                "holder": {
                    "_instruction": "Add one or several persons or organisations that hold the copyright.",
                    "_linkedTypes": [
                        "https://openminds.ebrains.eu/core/Organization",
                        "https://openminds.ebrains.eu/core/Person"
                    ],
                    "minItems": 1,
                    "title": "Holder",
                    "type": "array",
                    "uniqueItems": true
                },
                "year": {
                    "_instruction": "Enter the year during which the copyright was first asserted.",
                    "pattern": "([0-9]{4})",
                    "title": "Year",
                    "type": "string"
                }
            },
            "required": [
                "holder",
                "year"
            ],
            "title": "Copyright",
            "type": "object"
        },
        "custodian": {
            "_instruction": "Add one or several custodians (person or organization) that are responsible for this research product version.",
            "items": {
                "else": {
                    "properties": {
                        "@id": {
                            "format": "iri",
                            "type": "string"
                        }
                    },
                    "required": [
                        "@id"
                    ]
                },
                "if": {
                    "required": [
                        "@type"
                    ]
                },
                "then": {
                    "properties": {
                        "@id": {
                            "format": "iri",
                            "type": "string"
                        },
                        "@type": {
                            "enum": [
                                "https://openminds.ebrains.eu/core/Organization",
                                "https://openminds.ebrains.eu/core/Person"
                            ],
                            "format": "iri",
                            "type": "string"
                        }
                    },
                    "required": [
                        "@id"
                    ]
                }
            },
            "minItems": 1,
            "title": "Custodian",
            "type": "array",
            "uniqueItems": true
        },
        "description": {
            "_instruction": "If necessary, enter a version specific description (abstract) for this research product version (max. 2000 characters, incl. spaces; no references). If left blank, the research product version will inherit the 'description' of it's corresponding research product.",
            "maxLength": 2000,
            "title": "Description",
            "type": "string"
        },
        "developer": {
            "_instruction": "If necessary, add one or several developers (person or organization) that contributed to the code implementation of this (meta)data model version. Note that these developers will overwrite the once provided in the (meta)data model product this version belongs to.",
            "items": {
                "else": {
                    "properties": {
                        "@id": {
                            "format": "iri",
                            "type": "string"
                        }
                    },
                    "required": [
                        "@id"
                    ]
                },
                "if": {
                    "required": [
                        "@type"
                    ]
                },
                "then": {
                    "properties": {
                        "@id": {
                            "format": "iri",
                            "type": "string"
                        },
                        "@type": {
                            "enum": [
                                "https://openminds.ebrains.eu/core/Organization",
                                "https://openminds.ebrains.eu/core/Person"
                            ],
                            "format": "iri",
                            "type": "string"
                        }
                    },
                    "required": [
                        "@id"
                    ]
                }
            },
            "minItems": 1,
            "title": "Developer",
            "type": "array",
            "uniqueItems": true
        },
        "digitalIdentifier": {
            "_instruction": "Add the globally unique and persistent digital identifier of this research product version.",
            "else": {
                "properties": {
                    "@id": {
                        "format": "iri",
                        "type": "string"
                    }
                },
                "required": [
                    "@id"
                ]
            },
            "if": {
                "required": [
                    "@type"
                ]
            },
            "then": {
                "properties": {
                    "@id": {
                        "format": "iri",
                        "type": "string"
                    },
                    "@type": {
                        "enum": [
                            "https://openminds.ebrains.eu/core/DOI",
                            "https://openminds.ebrains.eu/core/SWHID"
                        ],
                        "format": "iri",
                        "type": "string"
                    }
                },
                "required": [
                    "@id"
                ]
            },
            "title": "Digital identifier",
            "type": "object"
        },
        "fullDocumentation": {
            "_instruction": "Add the DOI, file or URL that points to a full documentation of this research product version.",
            "else": {
                "properties": {
                    "@id": {
                        "format": "iri",
                        "type": "string"
                    }
                },
                "required": [
                    "@id"
                ]
            },
            "if": {
                "required": [
                    "@type"
                ]
            },
            "then": {
                "properties": {
                    "@id": {
                        "format": "iri",
                        "type": "string"
                    },
                    "@type": {
                        "enum": [
                            "https://openminds.ebrains.eu/core/DOI",
                            "https://openminds.ebrains.eu/core/File",
                            "https://openminds.ebrains.eu/core/URL"
                        ],
                        "format": "iri",
                        "type": "string"
                    }
                },
                "required": [
                    "@id"
                ]
            },
            "title": "Full documentation",
            "type": "object"
        },
        "fullName": {
            "_instruction": "If necessary, enter a version specific descriptive full name (title) for this research product version. If left blank, the research product version will inherit the 'fullName' of it's corresponding research product.",
            "title": "Full name",
            "type": "string"
        },
        "funding": {
            "_instruction": "Add all funding information of this research product version.",
            "items": {
                "else": {
                    "properties": {
                        "@id": {
                            "format": "iri",
                            "type": "string"
                        }
                    },
                    "required": [
                        "@id"
                    ]
                },
                "if": {
                    "required": [
                        "@type"
                    ]
                },
                "then": {
                    "properties": {
                        "@id": {
                            "format": "iri",
                            "type": "string"
                        },
                        "@type": {
                            "enum": [
                                "https://openminds.ebrains.eu/core/Funding"
                            ],
                            "format": "iri",
                            "type": "string"
                        }
                    },
                    "required": [
                        "@id"
                    ]
                }
            },
            "minItems": 1,
            "title": "Funding",
            "type": "array",
            "uniqueItems": true
        },
        "homepage": {
            "_instruction": "Add the uniform resource locator (URL) to the homepage of this research product version.",
            "else": {
                "properties": {
                    "@id": {
                        "format": "iri",
                        "type": "string"
                    }
                },
                "required": [
                    "@id"
                ]
            },
            "if": {
                "required": [
                    "@type"
                ]
            },
            "then": {
                "properties": {
                    "@id": {
                        "format": "iri",
                        "type": "string"
                    },
                    "@type": {
                        "enum": [
                            "https://openminds.ebrains.eu/core/URL"
                        ],
                        "format": "iri",
                        "type": "string"
                    }
                },
                "required": [
                    "@id"
                ]
            },
            "title": "Homepage",
            "type": "object"
        },
        "howToCite": {
            "_instruction": "Enter the preferred citation text for this research product version. Leave blank if citation text can be extracted from the assigned digital identifier.",
            "title": "How to cite",
            "type": "string"
        },
        "isAlternativeVersionOf": {
            "_instruction": "Add all (meta)data model versions that can be used alternatively to this (meta)data model version.",
            "items": {
                "else": {
                    "properties": {
                        "@id": {
                            "format": "iri",
                            "type": "string"
                        }
                    },
                    "required": [
                        "@id"
                    ]
                },
                "if": {
                    "required": [
                        "@type"
                    ]
                },
                "then": {
                    "properties": {
                        "@id": {
                            "format": "iri",
                            "type": "string"
                        },
                        "@type": {
                            "enum": [
                                "https://openminds.ebrains.eu/core/MetaDataModelVersion"
                            ],
                            "format": "iri",
                            "type": "string"
                        }
                    },
                    "required": [
                        "@id"
                    ]
                }
            },
            "minItems": 1,
            "title": "Is alternative version of",
            "type": "array",
            "uniqueItems": true
        },
        "isNewVersionOf": {
            "_instruction": "Add the dataset version preceding this (meta)data model version.",
            "else": {
                "properties": {
                    "@id": {
                        "format": "iri",
                        "type": "string"
                    }
                },
                "required": [
                    "@id"
                ]
            },
            "if": {
                "required": [
                    "@type"
                ]
            },
            "then": {
                "properties": {
                    "@id": {
                        "format": "iri",
                        "type": "string"
                    },
                    "@type": {
                        "enum": [
                            "https://openminds.ebrains.eu/core/MetaDataModelVersion"
                        ],
                        "format": "iri",
                        "type": "string"
                    }
                },
                "required": [
                    "@id"
                ]
            },
            "title": "Is new version of",
            "type": "object"
        },
        "keyword": {
            "_instruction": "Enter custom keywords to this research product version.",
            "items": {
                "type": "string"
            },
            "maxItems": 5,
            "minItems": 1,
            "title": "Keyword",
            "type": "array",
            "uniqueItems": true
        },
        "license": {
            "_instruction": "Add the license for this (meta)data model version.",
            "else": {
                "properties": {
                    "@id": {
                        "format": "iri",
                        "type": "string"
                    }
                },
                "required": [
                    "@id"
                ]
            },
            "if": {
                "required": [
                    "@type"
                ]
            },
            "then": {
                "properties": {
                    "@id": {
                        "format": "iri",
                        "type": "string"
                    },
                    "@type": {
                        "enum": [
                            "https://openminds.ebrains.eu/core/License"
                        ],
                        "format": "iri",
                        "type": "string"
                    }
                },
                "required": [
                    "@id"
                ]
            },
            "title": "License",
            "type": "object"
        },
        "otherContribution": {
            "_type": "https://openminds.ebrains.eu/core/Contribution",
            "description": "Structured information on the contribution made to a research product.",
            "properties": {
                "contributionType": {
                    "_instruction": "Add one or several type of contributions made by the stated contributor.",
                    "_linkedTypes": [
                        "https://openminds.ebrains.eu/controlledTerms/ContributionType"
                    ],
                    "minItems": 1,
                    "title": "Contribution type",
                    "type": "array",
                    "uniqueItems": true
                },
                "contributor": {
                    "_instruction": "Add the contributing person or organization.",
                    "_linkedTypes": [
                        "https://openminds.ebrains.eu/core/Organization",
                        "https://openminds.ebrains.eu/core/Person"
                    ],
                    "title": "Contributor"
                }
            },
            "required": [
                "contributionType",
                "contributor"
            ],
            "title": "Contribution",
            "type": "object"
        },
        "relatedPublication": {
            "_instruction": "Add further publications besides the documentation (e.g. an original research article) providing the original context for the production of this research product version.",
            "items": {
                "else": {
                    "properties": {
                        "@id": {
                            "format": "iri",
                            "type": "string"
                        }
                    },
                    "required": [
                        "@id"
                    ]
                },
                "if": {
                    "required": [
                        "@type"
                    ]
                },
                "then": {
                    "properties": {
                        "@id": {
                            "format": "iri",
                            "type": "string"
                        },
                        "@type": {
                            "enum": [
                                "https://openminds.ebrains.eu/core/DOI",
                                "https://openminds.ebrains.eu/core/ISBN"
                            ],
                            "format": "iri",
                            "type": "string"
                        }
                    },
                    "required": [
                        "@id"
                    ]
                }
            },
            "minItems": 1,
            "title": "Related publication",
            "type": "array",
            "uniqueItems": true
        },
        "releaseDate": {
            "_instruction": "Enter the date (actual or intended) of the first broadcast/publication of this research product version.",
            "format": "date",
            "title": "Release date",
            "type": "string"
        },
        "repository": {
            "_instruction": "Add the file repository of this research product version.",
            "else": {
                "properties": {
                    "@id": {
                        "format": "iri",
                        "type": "string"
                    }
                },
                "required": [
                    "@id"
                ]
            },
            "if": {
                "required": [
                    "@type"
                ]
            },
            "then": {
                "properties": {
                    "@id": {
                        "format": "iri",
                        "type": "string"
                    },
                    "@type": {
                        "enum": [
                            "https://openminds.ebrains.eu/core/FileRepository"
                        ],
                        "format": "iri",
                        "type": "string"
                    }
                },
                "required": [
                    "@id"
                ]
            },
            "title": "Repository",
            "type": "object"
        },
        "serializationFormat": {
            "_instruction": "Add all content types in which (meta)data compliant with this (meta)data model version can be stored in.",
            "items": {
                "else": {
                    "properties": {
                        "@id": {
                            "format": "iri",
                            "type": "string"
                        }
                    },
                    "required": [
                        "@id"
                    ]
                },
                "if": {
                    "required": [
                        "@type"
                    ]
                },
                "then": {
                    "properties": {
                        "@id": {
                            "format": "iri",
                            "type": "string"
                        },
                        "@type": {
                            "enum": [
                                "https://openminds.ebrains.eu/core/ContentType"
                            ],
                            "format": "iri",
                            "type": "string"
                        }
                    },
                    "required": [
                        "@id"
                    ]
                }
            },
            "minItems": 1,
            "title": "Serialization format",
            "type": "array",
            "uniqueItems": true
        },
        "shortName": {
            "_instruction": "Enter a short name (alias) for this research product version (max. 30 characters, no space).",
            "maxLength": 30,
            "title": "Short name",
            "type": "string"
        },
        "specificationFormat": {
            "_instruction": "Add all content types in which the schemas of this (meta)data model version are stored in.",
            "items": {
                "else": {
                    "properties": {
                        "@id": {
                            "format": "iri",
                            "type": "string"
                        }
                    },
                    "required": [
                        "@id"
                    ]
                },
                "if": {
                    "required": [
                        "@type"
                    ]
                },
                "then": {
                    "properties": {
                        "@id": {
                            "format": "iri",
                            "type": "string"
                        },
                        "@type": {
                            "enum": [
                                "https://openminds.ebrains.eu/core/ContentType"
                            ],
                            "format": "iri",
                            "type": "string"
                        }
                    },
                    "required": [
                        "@id"
                    ]
                }
            },
            "minItems": 1,
            "title": "Specification format",
            "type": "array",
            "uniqueItems": true
        },
        "supportChannel": {
            "_instruction": "Enter all channels through which a user can receive support for handling this research product.",
            "items": {
                "_formats": [
                    "email",
                    "iri"
                ],
                "type": "string"
            },
            "minItems": 1,
            "title": "Support channel",
            "type": "array",
            "uniqueItems": true
        },
        "type": {
            "_instruction": "Add the type of this (meta)data model version.",
            "else": {
                "properties": {
                    "@id": {
                        "format": "iri",
                        "type": "string"
                    }
                },
                "required": [
                    "@id"
                ]
            },
            "if": {
                "required": [
                    "@type"
                ]
            },
            "then": {
                "properties": {
                    "@id": {
                        "format": "iri",
                        "type": "string"
                    },
                    "@type": {
                        "enum": [
                            "https://openminds.ebrains.eu/controlledTerms/MetaDataModelType"
                        ],
                        "format": "iri",
                        "type": "string"
                    }
                },
                "required": [
                    "@id"
                ]
            },
            "title": "Type",
            "type": "object"
        },
        "versionIdentifier": {
            "_instruction": "Enter the version identifier of this research product version.",
            "title": "Version identifier",
            "type": "string"
        },
        "versionInnovation": {
            "_instruction": "Enter a summary/description of the novelties/peculiarities of this research product version in comparison to other versions of it's research product. If this research product version is the first released version, you can enter the following disclaimer 'This is the first version of this research product.'",
            "title": "Version innovation",
            "type": "string"
        }
    },
    "required": [
        "funding",
        "fullDocumentation",
        "accessibility",
        "shortName",
        "releaseDate",
        "license",
        "type",
        "@id",
        "versionInnovation",
        "versionIdentifier",
        "@type"
    ],
    "title": "(Meta) Data model version",
    "type": "object"
}