{
    "$id": "https://openminds.ebrains.eu/specimenPrep/cranialWindowPreparation?format=json-schema",
    "$schema": "http://json-schema.org/draft-07/schema#",
    "_type": "https://openminds.ebrains.eu/specimenPrep/CranialWindowPreparation",
    "properties": {
        "@id": {
            "description": "Metadata node identifier.",
            "type": "string"
        },
        "@type": {
            "const": "https://openminds.ebrains.eu/specimenPrep/CranialWindowPreparation",
            "type": "string"
        },
        "https://openminds.ebrains.eu/vocab/constructionType": {
            "_instruction": "Add the construction type of the cranial window.",
            "else": {
                "properties": {
                    "@id": {
                        "format": "iri",
                        "type": "string"
                    }
                },
                "required": [
                    "@id"
                ]
            },
            "if": {
                "required": [
                    "@type"
                ]
            },
            "then": {
                "properties": {
                    "@id": {
                        "format": "iri",
                        "type": "string"
                    },
                    "@type": {
                        "enum": [
                            "https://openminds.ebrains.eu/controlledTerms/CranialWindowConstructionType"
                        ],
                        "format": "iri",
                        "type": "string"
                    }
                },
                "required": [
                    "@id"
                ]
            },
            "title": "constructionType",
            "type": "object"
        },
        "https://openminds.ebrains.eu/vocab/customPropertySet": {
            "_type": "https://openminds.ebrains.eu/core/CustomPropertySet",
            "description": "Structured information about properties of an entity that are not represented in an openMINDS schema.",
            "properties": {
                "context": {
                    "_instruction": "Enter the common context for this custom property set.",
                    "title": "context",
                    "type": "string"
                },
                "dataLocation": {
                    "_instruction": "Add the location of the data that define the custom property set for the given context (e.g., stored as file or other entities such as property-value lists).",
                    "_linkedTypes": [
                        "https://openminds.ebrains.eu/core/Configuration",
                        "https://openminds.ebrains.eu/core/File",
                        "https://openminds.ebrains.eu/core/PropertyValueList"
                    ],
                    "title": "dataLocation"
                },
                "relevantFor": {
                    "_instruction": "Add the technique for which this custom property set is relevant.",
                    "_linkedTypes": [
                        "https://openminds.ebrains.eu/controlledTerms/StimulationApproach",
                        "https://openminds.ebrains.eu/controlledTerms/Technique",
                        "https://openminds.ebrains.eu/controlledTerms/AnalysisTechnique",
                        "https://openminds.ebrains.eu/controlledTerms/StimulationTechnique"
                    ],
                    "description": "Reference to what or whom something or someone bears siginificance.",
                    "title": "relevantFor"
                }
            },
            "required": [
                "context",
                "dataLocation",
                "relevantFor"
            ],
            "type": "object"
        },
        "https://openminds.ebrains.eu/vocab/description": {
            "_instruction": "Enter a description of this activity.",
            "description": "Longer statement or account giving the characteristics of someone or something.",
            "title": "description",
            "type": "string"
        },
        "https://openminds.ebrains.eu/vocab/dimension": {
            "anyOf": [
                {
                    "_categories": [
                        "mathematicalShapes"
                    ],
                    "_type": "https://openminds.ebrains.eu/sands/Circle",
                    "properties": {
                        "radius": {
                            "_type": "https://openminds.ebrains.eu/core/QuantitativeValue",
                            "description": "Structured information on a quantitative value.",
                            "properties": {
                                "typeOfUncertainty": {
                                    "_instruction": "Add the type of uncertainty used to determine the uncertainity for this quantitative value.",
                                    "_linkedTypes": [
                                        "https://openminds.ebrains.eu/controlledTerms/TypeOfUncertainty"
                                    ],
                                    "description": "Distinct technique used to quantify the uncertainty of a measurement.",
                                    "title": "typeOfUncertainty"
                                },
                                "uncertainty": {
                                    "_instruction": "Enter the uncertainty of this quantitative value.",
                                    "description": "Quantitative value range defining the uncertainty of a measurement.",
                                    "items": {
                                        "type": "number"
                                    },
                                    "maxItems": 2,
                                    "minItems": 2,
                                    "title": "uncertainty",
                                    "type": "array"
                                },
                                "unit": {
                                    "_instruction": "Add the unit of measurement of this quantitative value and its uncertainty.",
                                    "_linkedTypes": [
                                        "https://openminds.ebrains.eu/controlledTerms/UnitOfMeasurement"
                                    ],
                                    "description": "Determinate quantity adopted as a standard of measurement.",
                                    "title": "unit"
                                },
                                "value": {
                                    "_instruction": "Enter the value of this quantitative value.",
                                    "description": "Entry for a property.",
                                    "title": "value",
                                    "type": "number"
                                }
                            },
                            "required": [
                                "value"
                            ],
                            "type": "object"
                        }
                    },
                    "required": [
                        "radius"
                    ],
                    "type": "object"
                },
                {
                    "_categories": [
                        "mathematicalShapes"
                    ],
                    "_type": "https://openminds.ebrains.eu/sands/Rectangle",
                    "properties": {
                        "length": {
                            "_type": "https://openminds.ebrains.eu/core/QuantitativeValue",
                            "description": "Structured information on a quantitative value.",
                            "properties": {
                                "typeOfUncertainty": {
                                    "_instruction": "Add the type of uncertainty used to determine the uncertainity for this quantitative value.",
                                    "_linkedTypes": [
                                        "https://openminds.ebrains.eu/controlledTerms/TypeOfUncertainty"
                                    ],
                                    "description": "Distinct technique used to quantify the uncertainty of a measurement.",
                                    "title": "typeOfUncertainty"
                                },
                                "uncertainty": {
                                    "_instruction": "Enter the uncertainty of this quantitative value.",
                                    "description": "Quantitative value range defining the uncertainty of a measurement.",
                                    "items": {
                                        "type": "number"
                                    },
                                    "maxItems": 2,
                                    "minItems": 2,
                                    "title": "uncertainty",
                                    "type": "array"
                                },
                                "unit": {
                                    "_instruction": "Add the unit of measurement of this quantitative value and its uncertainty.",
                                    "_linkedTypes": [
                                        "https://openminds.ebrains.eu/controlledTerms/UnitOfMeasurement"
                                    ],
                                    "description": "Determinate quantity adopted as a standard of measurement.",
                                    "title": "unit"
                                },
                                "value": {
                                    "_instruction": "Enter the value of this quantitative value.",
                                    "description": "Entry for a property.",
                                    "title": "value",
                                    "type": "number"
                                }
                            },
                            "required": [
                                "value"
                            ],
                            "type": "object"
                        },
                        "width": {
                            "_type": "https://openminds.ebrains.eu/core/QuantitativeValue",
                            "description": "Structured information on a quantitative value.",
                            "properties": {
                                "typeOfUncertainty": {
                                    "_instruction": "Add the type of uncertainty used to determine the uncertainity for this quantitative value.",
                                    "_linkedTypes": [
                                        "https://openminds.ebrains.eu/controlledTerms/TypeOfUncertainty"
                                    ],
                                    "description": "Distinct technique used to quantify the uncertainty of a measurement.",
                                    "title": "typeOfUncertainty"
                                },
                                "uncertainty": {
                                    "_instruction": "Enter the uncertainty of this quantitative value.",
                                    "description": "Quantitative value range defining the uncertainty of a measurement.",
                                    "items": {
                                        "type": "number"
                                    },
                                    "maxItems": 2,
                                    "minItems": 2,
                                    "title": "uncertainty",
                                    "type": "array"
                                },
                                "unit": {
                                    "_instruction": "Add the unit of measurement of this quantitative value and its uncertainty.",
                                    "_linkedTypes": [
                                        "https://openminds.ebrains.eu/controlledTerms/UnitOfMeasurement"
                                    ],
                                    "description": "Determinate quantity adopted as a standard of measurement.",
                                    "title": "unit"
                                },
                                "value": {
                                    "_instruction": "Enter the value of this quantitative value.",
                                    "description": "Entry for a property.",
                                    "title": "value",
                                    "type": "number"
                                }
                            },
                            "required": [
                                "value"
                            ],
                            "type": "object"
                        }
                    },
                    "required": [
                        "length",
                        "width"
                    ],
                    "type": "object"
                },
                {
                    "_categories": [
                        "mathematicalShapes"
                    ],
                    "_type": "https://openminds.ebrains.eu/sands/Ellipse",
                    "properties": {
                        "semiMajorAxis": {
                            "_type": "https://openminds.ebrains.eu/core/QuantitativeValue",
                            "description": "Structured information on a quantitative value.",
                            "properties": {
                                "typeOfUncertainty": {
                                    "_instruction": "Add the type of uncertainty used to determine the uncertainity for this quantitative value.",
                                    "_linkedTypes": [
                                        "https://openminds.ebrains.eu/controlledTerms/TypeOfUncertainty"
                                    ],
                                    "description": "Distinct technique used to quantify the uncertainty of a measurement.",
                                    "title": "typeOfUncertainty"
                                },
                                "uncertainty": {
                                    "_instruction": "Enter the uncertainty of this quantitative value.",
                                    "description": "Quantitative value range defining the uncertainty of a measurement.",
                                    "items": {
                                        "type": "number"
                                    },
                                    "maxItems": 2,
                                    "minItems": 2,
                                    "title": "uncertainty",
                                    "type": "array"
                                },
                                "unit": {
                                    "_instruction": "Add the unit of measurement of this quantitative value and its uncertainty.",
                                    "_linkedTypes": [
                                        "https://openminds.ebrains.eu/controlledTerms/UnitOfMeasurement"
                                    ],
                                    "description": "Determinate quantity adopted as a standard of measurement.",
                                    "title": "unit"
                                },
                                "value": {
                                    "_instruction": "Enter the value of this quantitative value.",
                                    "description": "Entry for a property.",
                                    "title": "value",
                                    "type": "number"
                                }
                            },
                            "required": [
                                "value"
                            ],
                            "type": "object"
                        },
                        "semiMinorAxis": {
                            "_type": "https://openminds.ebrains.eu/core/QuantitativeValue",
                            "description": "Structured information on a quantitative value.",
                            "properties": {
                                "typeOfUncertainty": {
                                    "_instruction": "Add the type of uncertainty used to determine the uncertainity for this quantitative value.",
                                    "_linkedTypes": [
                                        "https://openminds.ebrains.eu/controlledTerms/TypeOfUncertainty"
                                    ],
                                    "description": "Distinct technique used to quantify the uncertainty of a measurement.",
                                    "title": "typeOfUncertainty"
                                },
                                "uncertainty": {
                                    "_instruction": "Enter the uncertainty of this quantitative value.",
                                    "description": "Quantitative value range defining the uncertainty of a measurement.",
                                    "items": {
                                        "type": "number"
                                    },
                                    "maxItems": 2,
                                    "minItems": 2,
                                    "title": "uncertainty",
                                    "type": "array"
                                },
                                "unit": {
                                    "_instruction": "Add the unit of measurement of this quantitative value and its uncertainty.",
                                    "_linkedTypes": [
                                        "https://openminds.ebrains.eu/controlledTerms/UnitOfMeasurement"
                                    ],
                                    "description": "Determinate quantity adopted as a standard of measurement.",
                                    "title": "unit"
                                },
                                "value": {
                                    "_instruction": "Enter the value of this quantitative value.",
                                    "description": "Entry for a property.",
                                    "title": "value",
                                    "type": "number"
                                }
                            },
                            "required": [
                                "value"
                            ],
                            "type": "object"
                        }
                    },
                    "required": [
                        "semiMinorAxis",
                        "semiMajorAxis"
                    ],
                    "type": "object"
                }
            ]
        },
        "https://openminds.ebrains.eu/vocab/endTime": {
            "_instruction": "Enter the date and/or time on when this activity ended, formatted as either '2023-02-07T16:00:00+00:00' (date-time) or '16:00:00+00:00' (time).",
            "anyOf": [
                {
                    "format": "date-time"
                },
                {
                    "format": "time"
                }
            ],
            "title": "endTime",
            "type": "string"
        },
        "https://openminds.ebrains.eu/vocab/input": {
            "_instruction": "Add the state of the subject which received the cranial window before this activity.",
            "description": "Something or someone that is put into or participates in a process or machine.",
            "items": {
                "else": {
                    "properties": {
                        "@id": {
                            "format": "iri",
                            "type": "string"
                        }
                    },
                    "required": [
                        "@id"
                    ]
                },
                "if": {
                    "required": [
                        "@type"
                    ]
                },
                "then": {
                    "properties": {
                        "@id": {
                            "format": "iri",
                            "type": "string"
                        },
                        "@type": {
                            "enum": [
                                "https://openminds.ebrains.eu/core/SubjectState"
                            ],
                            "format": "iri",
                            "type": "string"
                        }
                    },
                    "required": [
                        "@id"
                    ]
                }
            },
            "minItems": 1,
            "title": "input",
            "type": "array",
            "uniqueItems": true
        },
        "https://openminds.ebrains.eu/vocab/isPartOf": {
            "_instruction": "Add the dataset version in which this activity was conducted.",
            "description": "Reference to the ensemble of multiple things or beings.",
            "else": {
                "properties": {
                    "@id": {
                        "format": "iri",
                        "type": "string"
                    }
                },
                "required": [
                    "@id"
                ]
            },
            "if": {
                "required": [
                    "@type"
                ]
            },
            "then": {
                "properties": {
                    "@id": {
                        "format": "iri",
                        "type": "string"
                    },
                    "@type": {
                        "enum": [
                            "https://openminds.ebrains.eu/core/DatasetVersion"
                        ],
                        "format": "iri",
                        "type": "string"
                    }
                },
                "required": [
                    "@id"
                ]
            },
            "title": "isPartOf",
            "type": "object"
        },
        "https://openminds.ebrains.eu/vocab/lookupLabel": {
            "_instruction": "Enter a lookup label for this activity that may help you to find this instance more easily.",
            "title": "lookupLabel",
            "type": "string"
        },
        "https://openminds.ebrains.eu/vocab/output": {
            "_instruction": "Add the state of the subject which received the cranial window as a result of this activity.",
            "description": "Something or someone that comes out of, is delivered or produced by a process or machine.",
            "items": {
                "else": {
                    "properties": {
                        "@id": {
                            "format": "iri",
                            "type": "string"
                        }
                    },
                    "required": [
                        "@id"
                    ]
                },
                "if": {
                    "required": [
                        "@type"
                    ]
                },
                "then": {
                    "properties": {
                        "@id": {
                            "format": "iri",
                            "type": "string"
                        },
                        "@type": {
                            "enum": [
                                "https://openminds.ebrains.eu/core/SubjectState"
                            ],
                            "format": "iri",
                            "type": "string"
                        }
                    },
                    "required": [
                        "@id"
                    ]
                }
            },
            "minItems": 1,
            "title": "output",
            "type": "array",
            "uniqueItems": true
        },
        "https://openminds.ebrains.eu/vocab/performedBy": {
            "_instruction": "Add all agents that performed this activity.",
            "items": {
                "else": {
                    "properties": {
                        "@id": {
                            "format": "iri",
                            "type": "string"
                        }
                    },
                    "required": [
                        "@id"
                    ]
                },
                "if": {
                    "required": [
                        "@type"
                    ]
                },
                "then": {
                    "properties": {
                        "@id": {
                            "format": "iri",
                            "type": "string"
                        },
                        "@type": {
                            "enum": [
                                "https://openminds.ebrains.eu/computation/SoftwareAgent",
                                "https://openminds.ebrains.eu/core/Person"
                            ],
                            "format": "iri",
                            "type": "string"
                        }
                    },
                    "required": [
                        "@id"
                    ]
                }
            },
            "minItems": 1,
            "title": "performedBy",
            "type": "array",
            "uniqueItems": true
        },
        "https://openminds.ebrains.eu/vocab/preparationDesign": {
            "_instruction": "Add the initial preparation type for this activity.",
            "else": {
                "properties": {
                    "@id": {
                        "format": "iri",
                        "type": "string"
                    }
                },
                "required": [
                    "@id"
                ]
            },
            "if": {
                "required": [
                    "@type"
                ]
            },
            "then": {
                "properties": {
                    "@id": {
                        "format": "iri",
                        "type": "string"
                    },
                    "@type": {
                        "enum": [
                            "https://openminds.ebrains.eu/controlledTerms/PreparationType"
                        ],
                        "format": "iri",
                        "type": "string"
                    }
                },
                "required": [
                    "@id"
                ]
            },
            "title": "preparationDesign",
            "type": "object"
        },
        "https://openminds.ebrains.eu/vocab/protocol": {
            "_instruction": "Add all protocols used during this activity.",
            "description": "Plan that describes the process of a scientific or medical experiment, treatment, or procedure.",
            "items": {
                "else": {
                    "properties": {
                        "@id": {
                            "format": "iri",
                            "type": "string"
                        }
                    },
                    "required": [
                        "@id"
                    ]
                },
                "if": {
                    "required": [
                        "@type"
                    ]
                },
                "then": {
                    "properties": {
                        "@id": {
                            "format": "iri",
                            "type": "string"
                        },
                        "@type": {
                            "enum": [
                                "https://openminds.ebrains.eu/core/Protocol"
                            ],
                            "format": "iri",
                            "type": "string"
                        }
                    },
                    "required": [
                        "@id"
                    ]
                }
            },
            "minItems": 1,
            "title": "protocol",
            "type": "array",
            "uniqueItems": true
        },
        "https://openminds.ebrains.eu/vocab/reinforcementType": {
            "_instruction": "Add the reinforcement type of the cranial window.",
            "else": {
                "properties": {
                    "@id": {
                        "format": "iri",
                        "type": "string"
                    }
                },
                "required": [
                    "@id"
                ]
            },
            "if": {
                "required": [
                    "@type"
                ]
            },
            "then": {
                "properties": {
                    "@id": {
                        "format": "iri",
                        "type": "string"
                    },
                    "@type": {
                        "enum": [
                            "https://openminds.ebrains.eu/controlledTerms/CranialWindowReinforcementType"
                        ],
                        "format": "iri",
                        "type": "string"
                    }
                },
                "required": [
                    "@id"
                ]
            },
            "title": "reinforcementType",
            "type": "object"
        },
        "https://openminds.ebrains.eu/vocab/startTime": {
            "_instruction": "Enter the date and/or time on when this activity started, formatted as either '2023-02-07T16:00:00+00:00' (date-time) or '16:00:00+00:00' (time).",
            "anyOf": [
                {
                    "format": "date-time"
                },
                {
                    "format": "time"
                }
            ],
            "title": "startTime",
            "type": "string"
        },
        "https://openminds.ebrains.eu/vocab/studyTarget": {
            "_instruction": "Add all study targets of this activity.",
            "description": "Structure or function that was targeted within a study.",
            "items": {
                "else": {
                    "properties": {
                        "@id": {
                            "format": "iri",
                            "type": "string"
                        }
                    },
                    "required": [
                        "@id"
                    ]
                },
                "if": {
                    "required": [
                        "@type"
                    ]
                },
                "then": {
                    "properties": {
                        "@id": {
                            "format": "iri",
                            "type": "string"
                        },
                        "@type": {
                            "enum": [
                                "https://openminds.ebrains.eu/controlledTerms/BreedingType",
                                "https://openminds.ebrains.eu/controlledTerms/AuditoryStimulusType",
                                "https://openminds.ebrains.eu/controlledTerms/Organ",
                                "https://openminds.ebrains.eu/controlledTerms/OrganismSubstance",
                                "https://openminds.ebrains.eu/controlledTerms/Handedness",
                                "https://openminds.ebrains.eu/controlledTerms/UBERONParcellation",
                                "https://openminds.ebrains.eu/controlledTerms/BiologicalSex",
                                "https://openminds.ebrains.eu/controlledTerms/TermSuggestion",
                                "https://openminds.ebrains.eu/controlledTerms/MolecularEntity",
                                "https://openminds.ebrains.eu/controlledTerms/GeneticStrainType",
                                "https://openminds.ebrains.eu/controlledTerms/CellCultureType",
                                "https://openminds.ebrains.eu/controlledTerms/SubcellularEntity",
                                "https://openminds.ebrains.eu/controlledTerms/TactileStimulusType",
                                "https://openminds.ebrains.eu/controlledTerms/VisualStimulusType",
                                "https://openminds.ebrains.eu/controlledTerms/ElectricalStimulusType",
                                "https://openminds.ebrains.eu/controlledTerms/Species",
                                "https://openminds.ebrains.eu/controlledTerms/OpticalStimulusType",
                                "https://openminds.ebrains.eu/controlledTerms/Disease",
                                "https://openminds.ebrains.eu/controlledTerms/CellType",
                                "https://openminds.ebrains.eu/controlledTerms/OlfactoryStimulusType",
                                "https://openminds.ebrains.eu/controlledTerms/GustatoryStimulusType",
                                "https://openminds.ebrains.eu/controlledTerms/DiseaseModel",
                                "https://openminds.ebrains.eu/controlledTerms/BiologicalOrder",
                                "https://openminds.ebrains.eu/controlledTerms/OrganismSystem",
                                "https://openminds.ebrains.eu/sands/ParcellationEntity",
                                "https://openminds.ebrains.eu/sands/ParcellationEntityVersion",
                                "https://openminds.ebrains.eu/sands/CustomAnatomicalEntity"
                            ],
                            "format": "iri",
                            "type": "string"
                        }
                    },
                    "required": [
                        "@id"
                    ]
                }
            },
            "minItems": 1,
            "title": "studyTarget",
            "type": "array",
            "uniqueItems": true
        }
    },
    "required": [
        "@id",
        "@type",
        "https://openminds.ebrains.eu/vocab/constructionType",
        "https://openminds.ebrains.eu/vocab/input",
        "https://openminds.ebrains.eu/vocab/protocol",
        "https://openminds.ebrains.eu/vocab/isPartOf",
        "https://openminds.ebrains.eu/vocab/output"
    ],
    "type": "object"
}