{
    "_type": "https://openminds.ebrains.eu/core/FileBundle",
    "_categories": [
        "fileOrigin"
    ],
    "required": [
        "isPartOf",
        "name"
    ],
    "properties": {
        "content": {
            "type": "string",
            "_instruction": "Enter a short content description for this file bundle.",
            "description": "Something that is contained.",
            "title": "content"
        },
        "descendedFrom": {
            "type": "array",
            "minItems": 1,
            "uniqueItems": true,
            "_instruction": "Add all entities that played a role in the production of this file bundle (must be true for all grouped files).",
            "_linkedTypes": [
                "https://openminds.ebrains.eu/controlledTerms/AnalysisTechnique",
                "https://openminds.ebrains.eu/controlledTerms/StimulationApproach",
                "https://openminds.ebrains.eu/controlledTerms/Technique",
                "https://openminds.ebrains.eu/controlledTerms/StimulationTechnique",
                "https://openminds.ebrains.eu/core/TissueSampleCollectionState",
                "https://openminds.ebrains.eu/core/TissueSampleState",
                "https://openminds.ebrains.eu/core/BehavioralTask",
                "https://openminds.ebrains.eu/core/SubjectState",
                "https://openminds.ebrains.eu/core/SubjectGroupState",
                "https://openminds.ebrains.eu/core/FileBundle",
                "https://openminds.ebrains.eu/core/File"
            ],
            "title": "descendedFrom"
        },
        "format": {
            "_instruction": "If file instances within this bundle are organized and formatted according to a formal data structure use the appropriate contentType. Leave blank otherwise.",
            "_linkedTypes": [
                "https://openminds.ebrains.eu/core/ContentType"
            ],
            "description": "Method of digitally organizing and structuring data or information.",
            "title": "format"
        },
        "patternOfFilenames": {
            "type": "string",
            "_instruction": "Enter a regular expression (syntax: ECMA 262) which is valid for all filenames of the file instances that should be grouped into this file bundle.",
            "description": "Reliable sample / structure of characters valid for all names in a particular collection of files.",
            "title": "patternOfFilenames"
        },
        "groupedBy": {
            "_instruction": "Add the concept which was used to group file instances into this file bundle.",
            "_linkedTypes": [
                "https://openminds.ebrains.eu/controlledTerms/FileBundleGrouping"
            ],
            "description": "Reference to the aspect used to group something.",
            "title": "groupedBy"
        },
        "hash": {
            "_instruction": "Add the hash that was generated for this file bundle.",
            "_embeddedTypes": [
                "https://openminds.ebrains.eu/core/Hash"
            ],
            "description": "Term used for the process of converting any data into a single value. Often also directly refers to the resulting single value.",
            "title": "hash"
        },
        "isPartOf": {
            "_instruction": "Add the file bundle or file repository this file bundle is a part of.",
            "_linkedTypes": [
                "https://openminds.ebrains.eu/core/FileBundle",
                "https://openminds.ebrains.eu/core/FileRepository"
            ],
            "description": "Reference to the ensemble of multiple things or beings.",
            "title": "isPartOf"
        },
        "name": {
            "type": "string",
            "_instruction": "Enter the name of this file bundle.",
            "description": "Word or phrase that constitutes the distinctive designation of a being or thing.",
            "title": "name"
        },
        "storageSize": {
            "_instruction": "Enter the storage size this file bundle allocates.",
            "_embeddedTypes": [
                "https://openminds.ebrains.eu/core/QuantitativeValue"
            ],
            "description": "Quantitative value defining how much disk space is used by an object on a computer system.",
            "title": "storageSize"
        }
    },
    "description": "Structured information on a bundle of file instances."
}