{
    "_type": "https://openminds.ebrains.eu/controlledTerms/SoftwareFeature",
    "required": [
        "name"
    ],
    "properties": {
        "definition": {
            "type": "string",
            "_instruction": "Enter one sentence for defining this term.",
            "description": "Short, but precise statement of the meaning of a word, word group, sign or a symbol.",
            "title": "definition"
        },
        "description": {
            "type": "string",
            "_instruction": "Enter a short text describing this term.",
            "description": "Longer statement or account giving the characteristics of someone or something.",
            "title": "description"
        },
        "name": {
            "type": "string",
            "_instruction": "Controlled term originating from a defined terminology.",
            "description": "Word or phrase that constitutes the distinctive designation of a being or thing.",
            "title": "name"
        },
        "ontologyIdentifier": {
            "type": "string",
            "_formats": [
                "iri"
            ],
            "_instruction": "Enter the internationalized resource identifier (IRI) pointing to the related ontological term.",
            "description": "Term or code used to identify something or someone registered within a particular ontology.",
            "title": "ontologyIdentifier"
        }
    }
}