{
    "_type": "https://openminds.ebrains.eu/core/RORID",
    "requires": [
        "identifier"
    ],
    "properties": {
        "identifier": {
            "type": "string",
            "pattern": "^https://ror.org/0([0-9]|[^ILO]|[a-z]){6}[0-9]{2}$",
            "_instruction": "Enter the resolvable identifier (IRI) of the Research Organization Registry.",
            "description": "Term or code used to identify something or someone.",
            "title": "identifier"
        }
    },
    "title": "RORID"
}