{
    "$id": "https://openminds.ebrains.eu/sands/qualitativeRelationAssessment?format=json-schema",
    "$schema": "http://json-schema.org/draft-07/schema#",
    "_deprecated": true,
    "_type": "https://openminds.ebrains.eu/sands/QualitativeRelationAssessment",
    "properties": {
        "@id": {
            "description": "Metadata node identifier.",
            "type": "string"
        },
        "@type": {
            "const": "https://openminds.ebrains.eu/sands/QualitativeRelationAssessment",
            "type": "string"
        },
        "https://openminds.ebrains.eu/vocab/criteria": {
            "_instruction": "Add the protocol execution defining the criteria that were applied to determine this relation.",
            "description": "Aspects or standards on which a judgement or decision is based.",
            "else": {
                "properties": {
                    "@id": {
                        "format": "iri",
                        "type": "string"
                    }
                },
                "required": [
                    "@id"
                ]
            },
            "if": {
                "required": [
                    "@type"
                ]
            },
            "then": {
                "properties": {
                    "@id": {
                        "format": "iri",
                        "type": "string"
                    },
                    "@type": {
                        "enum": [
                            "https://openminds.ebrains.eu/core/ProtocolExecution"
                        ],
                        "format": "iri",
                        "type": "string"
                    }
                },
                "required": [
                    "@id"
                ]
            },
            "title": "criteria",
            "type": "object"
        },
        "https://openminds.ebrains.eu/vocab/inRelationTo": {
            "_instruction": "Add the anatomical entity to which the relation is described.",
            "description": "Reference to a related element.",
            "else": {
                "properties": {
                    "@id": {
                        "format": "iri",
                        "type": "string"
                    }
                },
                "required": [
                    "@id"
                ]
            },
            "if": {
                "required": [
                    "@type"
                ]
            },
            "then": {
                "properties": {
                    "@id": {
                        "format": "iri",
                        "type": "string"
                    },
                    "@type": {
                        "enum": [
                            "https://openminds.ebrains.eu/sands/ParcellationEntity"
                        ],
                        "format": "iri",
                        "type": "string"
                    }
                },
                "required": [
                    "@id"
                ]
            },
            "title": "inRelationTo",
            "type": "object"
        },
        "https://openminds.ebrains.eu/vocab/qualitativeOverlap": {
            "_instruction": "Add the qualitative overlap that best describes the relation between the two anatomical entities.",
            "description": "Semantic characterization of how much two things occupy the same space.",
            "else": {
                "properties": {
                    "@id": {
                        "format": "iri",
                        "type": "string"
                    }
                },
                "required": [
                    "@id"
                ]
            },
            "if": {
                "required": [
                    "@type"
                ]
            },
            "then": {
                "properties": {
                    "@id": {
                        "format": "iri",
                        "type": "string"
                    },
                    "@type": {
                        "enum": [
                            "https://openminds.ebrains.eu/controlledTerms/QualitativeOverlap"
                        ],
                        "format": "iri",
                        "type": "string"
                    }
                },
                "required": [
                    "@id"
                ]
            },
            "title": "qualitativeOverlap",
            "type": "object"
        }
    },
    "required": [
        "inRelationTo",
        "qualitativeOverlap",
        "@type",
        "@id"
    ],
    "title": "Qualitative relation assessment",
    "type": "object"
}