{
    "$id": "https://openminds.ebrains.eu/publications/publicationIssue?format=json-schema",
    "$schema": "http://json-schema.org/draft-07/schema#",
    "_type": "https://openminds.ebrains.eu/publications/PublicationIssue",
    "properties": {
        "@id": {
            "description": "Metadata node identifier.",
            "type": "string"
        },
        "@type": {
            "const": "https://openminds.ebrains.eu/publications/PublicationIssue",
            "type": "string"
        },
        "https://openminds.ebrains.eu/vocab/isPartOf": {
            "_instruction": "Add the publication volume this publication issue is part of.",
            "description": "Reference to the ensemble of multiple things or beings.",
            "else": {
                "properties": {
                    "@id": {
                        "format": "iri",
                        "type": "string"
                    }
                },
                "required": [
                    "@id"
                ]
            },
            "if": {
                "required": [
                    "@type"
                ]
            },
            "then": {
                "properties": {
                    "@id": {
                        "format": "iri",
                        "type": "string"
                    },
                    "@type": {
                        "enum": [
                            "https://openminds.ebrains.eu/publications/PublicationVolume"
                        ],
                        "format": "iri",
                        "type": "string"
                    }
                },
                "required": [
                    "@id"
                ]
            },
            "title": "isPartOf",
            "type": "object"
        },
        "https://openminds.ebrains.eu/vocab/issueNumber": {
            "_instruction": "Enter the issue number of this publication issue.",
            "title": "issueNumber",
            "type": "string"
        }
    },
    "required": [
        "@id",
        "@type",
        "https://openminds.ebrains.eu/vocab/issueNumber",
        "https://openminds.ebrains.eu/vocab/isPartOf"
    ],
    "type": "object"
}