{
    "$id": "https://openminds.ebrains.eu/publications/scholarlyArticle?format=json-schema",
    "$schema": "http://json-schema.org/draft-07/schema#",
    "_type": "https://openminds.ebrains.eu/publications/ScholarlyArticle",
    "properties": {
        "@id": {
            "description": "Metadata node identifier.",
            "type": "string"
        },
        "@type": {
            "const": "https://openminds.ebrains.eu/publications/ScholarlyArticle",
            "type": "string"
        },
        "https://openminds.ebrains.eu/vocab/IRI": {
            "_instruction": "Enter the internationalized resource identifier (IRI) to this creative work.",
            "description": "Stands for Internationalized Resource Identifier which is an internet protocol standard that builds on the URI protocol, extending the set of permitted characters to include Unicode/ISO 10646.",
            "format": "iri",
            "title": "IRI",
            "type": "string"
        },
        "https://openminds.ebrains.eu/vocab/abstract": {
            "_instruction": "Enter the abstract or a short description of the creative work.",
            "title": "abstract",
            "type": "string"
        },
        "https://openminds.ebrains.eu/vocab/author": {
            "_instruction": "Add all parties that contributed to this creative work as authors.",
            "description": "Creator of a literary or creative work, as well as a dataset publication.",
            "items": {
                "else": {
                    "properties": {
                        "@id": {
                            "format": "iri",
                            "type": "string"
                        }
                    },
                    "required": [
                        "@id"
                    ]
                },
                "if": {
                    "required": [
                        "@type"
                    ]
                },
                "then": {
                    "properties": {
                        "@id": {
                            "format": "iri",
                            "type": "string"
                        },
                        "@type": {
                            "enum": [
                                "https://openminds.ebrains.eu/core/Person",
                                "https://openminds.ebrains.eu/core/Consortium",
                                "https://openminds.ebrains.eu/core/Organization"
                            ],
                            "format": "iri",
                            "type": "string"
                        }
                    },
                    "required": [
                        "@id"
                    ]
                }
            },
            "minItems": 1,
            "title": "author",
            "type": "array",
            "uniqueItems": true
        },
        "https://openminds.ebrains.eu/vocab/citedPublication": {
            "_instruction": "Add all references this creative work cites.",
            "items": {
                "else": {
                    "properties": {
                        "@id": {
                            "format": "iri",
                            "type": "string"
                        }
                    },
                    "required": [
                        "@id"
                    ]
                },
                "if": {
                    "required": [
                        "@type"
                    ]
                },
                "then": {
                    "properties": {
                        "@id": {
                            "format": "iri",
                            "type": "string"
                        },
                        "@type": {
                            "enum": [
                                "https://openminds.ebrains.eu/core/DOI",
                                "https://openminds.ebrains.eu/core/ISBN"
                            ],
                            "format": "iri",
                            "type": "string"
                        }
                    },
                    "required": [
                        "@id"
                    ]
                }
            },
            "minItems": 1,
            "title": "citedPublication",
            "type": "array",
            "uniqueItems": true
        },
        "https://openminds.ebrains.eu/vocab/copyright": {
            "_type": "https://openminds.ebrains.eu/core/Copyright",
            "description": "Structured information on the copyright.",
            "properties": {
                "holder": {
                    "_instruction": "Add all parties that hold this copyright.",
                    "_linkedTypes": [
                        "https://openminds.ebrains.eu/core/Person",
                        "https://openminds.ebrains.eu/core/Consortium",
                        "https://openminds.ebrains.eu/core/Organization"
                    ],
                    "description": "Legal person in possession of something.",
                    "minItems": 1,
                    "title": "holder",
                    "type": "array",
                    "uniqueItems": true
                },
                "year": {
                    "_instruction": "Enter the year during which the copyright was first asserted and, optionally, later years during which updated versions were published.",
                    "description": "Cycle in the Gregorian calendar specified by a number and comprised of 365 or 366 days divided into 12 months beginning with January and ending with December.",
                    "items": {
                        "pattern": "([0-9]{4})",
                        "type": "string"
                    },
                    "minItems": 1,
                    "title": "year",
                    "type": "array",
                    "uniqueItems": true
                }
            },
            "required": [
                "holder",
                "year"
            ],
            "type": "object"
        },
        "https://openminds.ebrains.eu/vocab/creationDate": {
            "_instruction": "Enter the date on which this creative work was created, formatted as '2023-02-07'.",
            "format": "date",
            "title": "creationDate",
            "type": "string"
        },
        "https://openminds.ebrains.eu/vocab/custodian": {
            "_instruction": "Add all parties that fulfill the role of a custodian for this creative work (e.g., a corresponding author). Custodians are typically the main contact in case of misconduct, obtain permission from the contributors to publish personal information, and maintain the content and quality of the creative work.",
            "description": "The 'custodian' is a legal person who is responsible for the content and quality of the data, metadata, and/or code of a research product.",
            "items": {
                "else": {
                    "properties": {
                        "@id": {
                            "format": "iri",
                            "type": "string"
                        }
                    },
                    "required": [
                        "@id"
                    ]
                },
                "if": {
                    "required": [
                        "@type"
                    ]
                },
                "then": {
                    "properties": {
                        "@id": {
                            "format": "iri",
                            "type": "string"
                        },
                        "@type": {
                            "enum": [
                                "https://openminds.ebrains.eu/core/Person",
                                "https://openminds.ebrains.eu/core/Consortium",
                                "https://openminds.ebrains.eu/core/Organization"
                            ],
                            "format": "iri",
                            "type": "string"
                        }
                    },
                    "required": [
                        "@id"
                    ]
                }
            },
            "minItems": 1,
            "title": "custodian",
            "type": "array",
            "uniqueItems": true
        },
        "https://openminds.ebrains.eu/vocab/digitalIdentifier": {
            "_instruction": "Add the globally unique and persistent digital identifier of this creative work.",
            "description": "Digital handle to identify objects or legal persons.",
            "else": {
                "properties": {
                    "@id": {
                        "format": "iri",
                        "type": "string"
                    }
                },
                "required": [
                    "@id"
                ]
            },
            "if": {
                "required": [
                    "@type"
                ]
            },
            "then": {
                "properties": {
                    "@id": {
                        "format": "iri",
                        "type": "string"
                    },
                    "@type": {
                        "enum": [
                            "https://openminds.ebrains.eu/core/DOI"
                        ],
                        "format": "iri",
                        "type": "string"
                    }
                },
                "required": [
                    "@id"
                ]
            },
            "title": "digitalIdentifier",
            "type": "object"
        },
        "https://openminds.ebrains.eu/vocab/editor": {
            "_instruction": "Add all persons that edited this creative work.",
            "items": {
                "else": {
                    "properties": {
                        "@id": {
                            "format": "iri",
                            "type": "string"
                        }
                    },
                    "required": [
                        "@id"
                    ]
                },
                "if": {
                    "required": [
                        "@type"
                    ]
                },
                "then": {
                    "properties": {
                        "@id": {
                            "format": "iri",
                            "type": "string"
                        },
                        "@type": {
                            "enum": [
                                "https://openminds.ebrains.eu/core/Person"
                            ],
                            "format": "iri",
                            "type": "string"
                        }
                    },
                    "required": [
                        "@id"
                    ]
                }
            },
            "minItems": 1,
            "title": "editor",
            "type": "array",
            "uniqueItems": true
        },
        "https://openminds.ebrains.eu/vocab/funding": {
            "_instruction": "Add all funding information of this creative work.",
            "description": "Money provided by a legal person for a particular purpose.",
            "items": {
                "else": {
                    "properties": {
                        "@id": {
                            "format": "iri",
                            "type": "string"
                        }
                    },
                    "required": [
                        "@id"
                    ]
                },
                "if": {
                    "required": [
                        "@type"
                    ]
                },
                "then": {
                    "properties": {
                        "@id": {
                            "format": "iri",
                            "type": "string"
                        },
                        "@type": {
                            "enum": [
                                "https://openminds.ebrains.eu/core/Funding"
                            ],
                            "format": "iri",
                            "type": "string"
                        }
                    },
                    "required": [
                        "@id"
                    ]
                }
            },
            "minItems": 1,
            "title": "funding",
            "type": "array",
            "uniqueItems": true
        },
        "https://openminds.ebrains.eu/vocab/isPartOf": {
            "_instruction": "Add the publication issue or volume this scholarly article is part of.",
            "description": "Reference to the ensemble of multiple things or beings.",
            "else": {
                "properties": {
                    "@id": {
                        "format": "iri",
                        "type": "string"
                    }
                },
                "required": [
                    "@id"
                ]
            },
            "if": {
                "required": [
                    "@type"
                ]
            },
            "then": {
                "properties": {
                    "@id": {
                        "format": "iri",
                        "type": "string"
                    },
                    "@type": {
                        "enum": [
                            "https://openminds.ebrains.eu/publications/PublicationIssue",
                            "https://openminds.ebrains.eu/publications/PublicationVolume"
                        ],
                        "format": "iri",
                        "type": "string"
                    }
                },
                "required": [
                    "@id"
                ]
            },
            "title": "isPartOf",
            "type": "object"
        },
        "https://openminds.ebrains.eu/vocab/keyword": {
            "_instruction": "Add all relevant keywords to this creative work either by adding controlled terms or by suggesting new terms.",
            "description": "Significant word or concept that are representative of something or someone.",
            "items": {
                "else": {
                    "properties": {
                        "@id": {
                            "format": "iri",
                            "type": "string"
                        }
                    },
                    "required": [
                        "@id"
                    ]
                },
                "if": {
                    "required": [
                        "@type"
                    ]
                },
                "then": {
                    "properties": {
                        "@id": {
                            "format": "iri",
                            "type": "string"
                        },
                        "@type": {
                            "enum": [
                                "https://openminds.ebrains.eu/controlledTerms/ActionStatusType",
                                "https://openminds.ebrains.eu/controlledTerms/ModelAbstractionLevel",
                                "https://openminds.ebrains.eu/controlledTerms/CellCultureType",
                                "https://openminds.ebrains.eu/controlledTerms/AnatomicalPlane",
                                "https://openminds.ebrains.eu/controlledTerms/AgeCategory",
                                "https://openminds.ebrains.eu/controlledTerms/TissueSampleAttribute",
                                "https://openminds.ebrains.eu/controlledTerms/Handedness",
                                "https://openminds.ebrains.eu/controlledTerms/EthicsAssessment",
                                "https://openminds.ebrains.eu/controlledTerms/LearningResourceType",
                                "https://openminds.ebrains.eu/controlledTerms/BiologicalSex",
                                "https://openminds.ebrains.eu/controlledTerms/ContributionType",
                                "https://openminds.ebrains.eu/controlledTerms/TermSuggestion",
                                "https://openminds.ebrains.eu/controlledTerms/EducationalLevel",
                                "https://openminds.ebrains.eu/controlledTerms/OperatingDevice",
                                "https://openminds.ebrains.eu/controlledTerms/AnnotationType",
                                "https://openminds.ebrains.eu/controlledTerms/StimulationApproach",
                                "https://openminds.ebrains.eu/controlledTerms/Language",
                                "https://openminds.ebrains.eu/controlledTerms/TactileStimulusType",
                                "https://openminds.ebrains.eu/controlledTerms/SubcellularEntity",
                                "https://openminds.ebrains.eu/controlledTerms/OrganismSubstance",
                                "https://openminds.ebrains.eu/controlledTerms/CellType",
                                "https://openminds.ebrains.eu/controlledTerms/UBERONParcellation",
                                "https://openminds.ebrains.eu/controlledTerms/VisualStimulusType",
                                "https://openminds.ebrains.eu/controlledTerms/CriteriaQualityType",
                                "https://openminds.ebrains.eu/controlledTerms/SetupType",
                                "https://openminds.ebrains.eu/controlledTerms/GustatoryStimulusType",
                                "https://openminds.ebrains.eu/controlledTerms/FileUsageRole",
                                "https://openminds.ebrains.eu/controlledTerms/Laterality",
                                "https://openminds.ebrains.eu/controlledTerms/AnatomicalAxesOrientation",
                                "https://openminds.ebrains.eu/controlledTerms/MolecularEntity",
                                "https://openminds.ebrains.eu/controlledTerms/FileRepositoryType",
                                "https://openminds.ebrains.eu/controlledTerms/MeasuredQuantity",
                                "https://openminds.ebrains.eu/controlledTerms/ElectricalStimulusType",
                                "https://openminds.ebrains.eu/controlledTerms/Colormap",
                                "https://openminds.ebrains.eu/controlledTerms/MetaDataModelType",
                                "https://openminds.ebrains.eu/controlledTerms/ExperimentalApproach",
                                "https://openminds.ebrains.eu/controlledTerms/QualitativeOverlap",
                                "https://openminds.ebrains.eu/controlledTerms/SoftwareApplicationCategory",
                                "https://openminds.ebrains.eu/controlledTerms/PreparationType",
                                "https://openminds.ebrains.eu/controlledTerms/StimulationTechnique",
                                "https://openminds.ebrains.eu/controlledTerms/GeneticStrainType",
                                "https://openminds.ebrains.eu/controlledTerms/Service",
                                "https://openminds.ebrains.eu/controlledTerms/PatchClampVariation",
                                "https://openminds.ebrains.eu/controlledTerms/Organ",
                                "https://openminds.ebrains.eu/controlledTerms/SoftwareFeature",
                                "https://openminds.ebrains.eu/controlledTerms/AtlasType",
                                "https://openminds.ebrains.eu/controlledTerms/BreedingType",
                                "https://openminds.ebrains.eu/controlledTerms/AnalysisTechnique",
                                "https://openminds.ebrains.eu/controlledTerms/DataType",
                                "https://openminds.ebrains.eu/controlledTerms/CranialWindowReinforcementType",
                                "https://openminds.ebrains.eu/controlledTerms/TissueSampleType",
                                "https://openminds.ebrains.eu/controlledTerms/ModelScope",
                                "https://openminds.ebrains.eu/controlledTerms/AnnotationCriteriaType",
                                "https://openminds.ebrains.eu/controlledTerms/DiseaseModel",
                                "https://openminds.ebrains.eu/controlledTerms/Technique",
                                "https://openminds.ebrains.eu/controlledTerms/SubjectAttribute",
                                "https://openminds.ebrains.eu/controlledTerms/OlfactoryStimulusType",
                                "https://openminds.ebrains.eu/controlledTerms/Species",
                                "https://openminds.ebrains.eu/controlledTerms/ChemicalMixtureType",
                                "https://openminds.ebrains.eu/controlledTerms/ProgrammingLanguage",
                                "https://openminds.ebrains.eu/controlledTerms/Terminology",
                                "https://openminds.ebrains.eu/controlledTerms/OrganismSystem",
                                "https://openminds.ebrains.eu/controlledTerms/ProductAccessibility",
                                "https://openminds.ebrains.eu/controlledTerms/UnitOfMeasurement",
                                "https://openminds.ebrains.eu/controlledTerms/BiologicalOrder",
                                "https://openminds.ebrains.eu/controlledTerms/TypeOfUncertainty",
                                "https://openminds.ebrains.eu/controlledTerms/OperatingSystem",
                                "https://openminds.ebrains.eu/controlledTerms/CranialWindowConstructionType",
                                "https://openminds.ebrains.eu/controlledTerms/OpticalStimulusType",
                                "https://openminds.ebrains.eu/controlledTerms/DifferenceMeasure",
                                "https://openminds.ebrains.eu/controlledTerms/FileBundleGrouping",
                                "https://openminds.ebrains.eu/controlledTerms/Disease",
                                "https://openminds.ebrains.eu/controlledTerms/DeviceType",
                                "https://openminds.ebrains.eu/controlledTerms/SemanticDataType",
                                "https://openminds.ebrains.eu/controlledTerms/AuditoryStimulusType"
                            ],
                            "format": "iri",
                            "type": "string"
                        }
                    },
                    "required": [
                        "@id"
                    ]
                }
            },
            "minItems": 1,
            "title": "keyword",
            "type": "array",
            "uniqueItems": true
        },
        "https://openminds.ebrains.eu/vocab/license": {
            "_instruction": "Add the license of this creative work.",
            "description": "Grant by a party to another party as an element of an agreement between those parties that permits to do, use, or own something.",
            "else": {
                "properties": {
                    "@id": {
                        "format": "iri",
                        "type": "string"
                    }
                },
                "required": [
                    "@id"
                ]
            },
            "if": {
                "required": [
                    "@type"
                ]
            },
            "then": {
                "properties": {
                    "@id": {
                        "format": "iri",
                        "type": "string"
                    },
                    "@type": {
                        "enum": [
                            "https://openminds.ebrains.eu/core/License"
                        ],
                        "format": "iri",
                        "type": "string"
                    }
                },
                "required": [
                    "@id"
                ]
            },
            "title": "license",
            "type": "object"
        },
        "https://openminds.ebrains.eu/vocab/modificationDate": {
            "_instruction": "Enter the date on which this creative work was last modfied, formatted as '2023-02-07'.",
            "format": "date",
            "title": "modificationDate",
            "type": "string"
        },
        "https://openminds.ebrains.eu/vocab/name": {
            "_instruction": "Enter the name (or title) of this creative work.",
            "description": "Word or phrase that constitutes the distinctive designation of a being or thing.",
            "title": "name",
            "type": "string"
        },
        "https://openminds.ebrains.eu/vocab/pagination": {
            "_instruction": "Enter the page range of this scholarly article.",
            "title": "pagination",
            "type": "string"
        },
        "https://openminds.ebrains.eu/vocab/publicationDate": {
            "_instruction": "Enter the date on which this creative work was published, formatted as '2023-02-07'.",
            "format": "date",
            "title": "publicationDate",
            "type": "string"
        },
        "https://openminds.ebrains.eu/vocab/publisher": {
            "_instruction": "Add the party (private or commercial) that published this creative work.",
            "else": {
                "properties": {
                    "@id": {
                        "format": "iri",
                        "type": "string"
                    }
                },
                "required": [
                    "@id"
                ]
            },
            "if": {
                "required": [
                    "@type"
                ]
            },
            "then": {
                "properties": {
                    "@id": {
                        "format": "iri",
                        "type": "string"
                    },
                    "@type": {
                        "enum": [
                            "https://openminds.ebrains.eu/core/Person",
                            "https://openminds.ebrains.eu/core/Consortium",
                            "https://openminds.ebrains.eu/core/Organization"
                        ],
                        "format": "iri",
                        "type": "string"
                    }
                },
                "required": [
                    "@id"
                ]
            },
            "title": "publisher",
            "type": "object"
        },
        "https://openminds.ebrains.eu/vocab/versionIdentifier": {
            "_instruction": "Enter the version identifier of this creative work.",
            "description": "Term or code used to identify the version of something.",
            "title": "versionIdentifier",
            "type": "string"
        }
    },
    "required": [
        "https://openminds.ebrains.eu/vocab/author",
        "@type",
        "@id",
        "https://openminds.ebrains.eu/vocab/isPartOf",
        "https://openminds.ebrains.eu/vocab/name",
        "https://openminds.ebrains.eu/vocab/publicationDate"
    ],
    "type": "object"
}