{
    "_type": "https://openminds.ebrains.eu/core/Comment",
    "required": [
        "subject",
        "content",
        "commenter",
        "timestamp"
    ],
    "properties": {
        "commenter": {
            "_instruction": "Enter the person who made this comment.",
            "_linkedTypes": [
                "https://openminds.ebrains.eu/core/Person"
            ],
            "title": "commenter"
        },
        "content": {
            "type": "string",
            "_instruction": "Enter the comment.",
            "description": "Something that is contained.",
            "title": "content"
        },
        "subject": {
            "_instruction": "Add the research product you are commenting on.",
            "_linkedTypes": [
                "https://openminds.ebrains.eu/computation/WorkflowRecipe",
                "https://openminds.ebrains.eu/computation/WorkflowRecipeVersion",
                "https://openminds.ebrains.eu/computation/ValidationTest",
                "https://openminds.ebrains.eu/computation/ValidationTestVersion",
                "https://openminds.ebrains.eu/sands/BrainAtlasVersion",
                "https://openminds.ebrains.eu/sands/CommonCoordinateSpaceVersion",
                "https://openminds.ebrains.eu/sands/CommonCoordinateSpace",
                "https://openminds.ebrains.eu/sands/BrainAtlas",
                "https://openminds.ebrains.eu/core/Dataset",
                "https://openminds.ebrains.eu/core/DatasetVersion",
                "https://openminds.ebrains.eu/core/SoftwareVersion",
                "https://openminds.ebrains.eu/core/MetaDataModel",
                "https://openminds.ebrains.eu/core/Model",
                "https://openminds.ebrains.eu/core/WebService",
                "https://openminds.ebrains.eu/core/ModelVersion",
                "https://openminds.ebrains.eu/core/Software",
                "https://openminds.ebrains.eu/core/WebServiceVersion",
                "https://openminds.ebrains.eu/core/MetaDataModelVersion",
                "https://openminds.ebrains.eu/publications/LivePaper",
                "https://openminds.ebrains.eu/publications/LivePaperVersion"
            ],
            "title": "subject"
        },
        "timestamp": {
            "type": "string",
            "_formats": [
                "date-time"
            ],
            "_instruction": "Enter the datetime (e.g., '2018-11-13T20:20:39+00:00') at which the comment was made.",
            "title": "timestamp"
        }
    }
}