{
    "_type": "https://openminds.ebrains.eu/core/Comment",
    "required": [
        "about",
        "comment",
        "commenter",
        "timestamp"
    ],
    "properties": {
        "about": {
            "_instruction": "Add the research product (version) that this comment is about.",
            "_linkedTypes": [
                "https://openminds.ebrains.eu/core/WebService",
                "https://openminds.ebrains.eu/core/ModelVersion",
                "https://openminds.ebrains.eu/core/SoftwareVersion",
                "https://openminds.ebrains.eu/core/Dataset",
                "https://openminds.ebrains.eu/core/WebServiceVersion",
                "https://openminds.ebrains.eu/core/Software",
                "https://openminds.ebrains.eu/core/MetaDataModel",
                "https://openminds.ebrains.eu/core/DatasetVersion",
                "https://openminds.ebrains.eu/core/MetaDataModelVersion",
                "https://openminds.ebrains.eu/core/Model",
                "https://openminds.ebrains.eu/computation/WorkflowRecipeVersion",
                "https://openminds.ebrains.eu/computation/ValidationTest",
                "https://openminds.ebrains.eu/computation/ValidationTestVersion",
                "https://openminds.ebrains.eu/computation/WorkflowRecipe",
                "https://openminds.ebrains.eu/sands/BrainAtlasVersion",
                "https://openminds.ebrains.eu/sands/CommonCoordinateSpace",
                "https://openminds.ebrains.eu/sands/BrainAtlas",
                "https://openminds.ebrains.eu/sands/CommonCoordinateSpaceVersion",
                "https://openminds.ebrains.eu/publications/LivePaper",
                "https://openminds.ebrains.eu/publications/LivePaperVersion"
            ],
            "title": "about"
        },
        "comment": {
            "type": "string",
            "_instruction": "Enter the comment about the research product (version) stated under 'about'.",
            "title": "comment"
        },
        "commenter": {
            "_instruction": "Add the person that created this comment.",
            "_linkedTypes": [
                "https://openminds.ebrains.eu/core/Person"
            ],
            "title": "commenter"
        },
        "timestamp": {
            "type": "string",
            "_formats": [
                "date-time"
            ],
            "_instruction": "Enter the date and time on which this comment was made, formatted as '2023-02-07T16:00:00+00:00'.",
            "title": "timestamp"
        }
    }
}