{
    "_type": "https://openminds.ebrains.eu/core/ResearchProductGroup",
    "required": [
        "context",
        "hasPart"
    ],
    "properties": {
        "context": {
            "type": "string",
            "_instruction": "Enter the common context for this research product group.",
            "title": "context"
        },
        "hasPart": {
            "type": "array",
            "minItems": 1,
            "uniqueItems": true,
            "_instruction": "Add all research products (research product versions) that should be grouped under the given 'context'.",
            "_linkedTypes": [
                "https://openminds.ebrains.eu/core/DatasetVersion",
                "https://openminds.ebrains.eu/core/WebService",
                "https://openminds.ebrains.eu/core/WebServiceVersion",
                "https://openminds.ebrains.eu/core/Dataset",
                "https://openminds.ebrains.eu/core/ModelVersion",
                "https://openminds.ebrains.eu/core/Model",
                "https://openminds.ebrains.eu/core/MetaDataModel",
                "https://openminds.ebrains.eu/core/SoftwareVersion",
                "https://openminds.ebrains.eu/core/Software",
                "https://openminds.ebrains.eu/core/MetaDataModelVersion",
                "https://openminds.ebrains.eu/sands/BrainAtlas",
                "https://openminds.ebrains.eu/sands/BrainAtlasVersion",
                "https://openminds.ebrains.eu/sands/CommonCoordinateSpace",
                "https://openminds.ebrains.eu/sands/CommonCoordinateSpaceVersion",
                "https://openminds.ebrains.eu/publications/LivePaperVersion",
                "https://openminds.ebrains.eu/publications/LivePaper",
                "https://openminds.ebrains.eu/computation/WorkflowRecipeVersion",
                "https://openminds.ebrains.eu/computation/ValidationTestVersion",
                "https://openminds.ebrains.eu/computation/WorkflowRecipe",
                "https://openminds.ebrains.eu/computation/ValidationTest"
            ],
            "title": "hasPart"
        }
    }
}