{
    "$id": "https://openminds.ebrains.eu/sands/annotation?format=json-schema",
    "$schema": "http://json-schema.org/draft-07/schema#",
    "_deprecated": true,
    "_type": "https://openminds.ebrains.eu/sands/Annotation",
    "description": "Structured information on an image annotation.",
    "properties": {
        "@id": {
            "description": "Metadata node identifier.",
            "type": "string"
        },
        "@type": {
            "const": "https://openminds.ebrains.eu/sands/Annotation",
            "type": "string"
        },
        "https://openminds.ebrains.eu/vocab/bestViewPoint": {
            "_instruction": "Add the coordinate point identifying the best view of this annotation in space.",
            "description": "Coordinate point from which you get the best view of something.",
            "else": {
                "properties": {
                    "@id": {
                        "format": "iri",
                        "type": "string"
                    }
                },
                "required": [
                    "@id"
                ]
            },
            "if": {
                "required": [
                    "@type"
                ]
            },
            "then": {
                "properties": {
                    "@id": {
                        "format": "iri",
                        "type": "string"
                    },
                    "@type": {
                        "enum": [
                            "https://openminds.ebrains.eu/sands/CoordinatePoint"
                        ],
                        "format": "iri",
                        "type": "string"
                    }
                },
                "required": [
                    "@id"
                ]
            },
            "title": "bestViewPoint",
            "type": "object"
        },
        "https://openminds.ebrains.eu/vocab/criteria": {
            "_instruction": "Add the protocol execution defining the criteria that were applied to produce this annotation.",
            "description": "Aspects or standards on which a judgement or decision is based.",
            "else": {
                "properties": {
                    "@id": {
                        "format": "iri",
                        "type": "string"
                    }
                },
                "required": [
                    "@id"
                ]
            },
            "if": {
                "required": [
                    "@type"
                ]
            },
            "then": {
                "properties": {
                    "@id": {
                        "format": "iri",
                        "type": "string"
                    },
                    "@type": {
                        "enum": [
                            "https://openminds.ebrains.eu/core/ProtocolExecution"
                        ],
                        "format": "iri",
                        "type": "string"
                    }
                },
                "required": [
                    "@id"
                ]
            },
            "title": "criteria",
            "type": "object"
        },
        "https://openminds.ebrains.eu/vocab/criteriaQualityType": {
            "_instruction": "Add the quality type of the stated criteria used to define this annotation.",
            "description": "Distinct class that defines how the judgement or decision was made for a particular criteria.",
            "else": {
                "properties": {
                    "@id": {
                        "format": "iri",
                        "type": "string"
                    }
                },
                "required": [
                    "@id"
                ]
            },
            "if": {
                "required": [
                    "@type"
                ]
            },
            "then": {
                "properties": {
                    "@id": {
                        "format": "iri",
                        "type": "string"
                    },
                    "@type": {
                        "enum": [
                            "https://openminds.ebrains.eu/controlledTerms/CriteriaQualityType"
                        ],
                        "format": "iri",
                        "type": "string"
                    }
                },
                "required": [
                    "@id"
                ]
            },
            "title": "criteriaQualityType",
            "type": "object"
        },
        "https://openminds.ebrains.eu/vocab/displayColor": {
            "_instruction": "Enter the preferred display color (RGB) for this annotation.",
            "description": "Preferred coloring.",
            "items": {
                "maximum": 255,
                "minimum": 0,
                "type": "integer"
            },
            "maxItems": 3,
            "minItems": 3,
            "title": "displayColor",
            "type": "array"
        },
        "https://openminds.ebrains.eu/vocab/inspiredBy": {
            "_instruction": "Add one or several (source) images that inspired the definition of this annotation.",
            "description": "Reference to an inspiring element.",
            "items": {
                "else": {
                    "properties": {
                        "@id": {
                            "format": "iri",
                            "type": "string"
                        }
                    },
                    "required": [
                        "@id"
                    ]
                },
                "if": {
                    "required": [
                        "@type"
                    ]
                },
                "then": {
                    "properties": {
                        "@id": {
                            "format": "iri",
                            "type": "string"
                        },
                        "@type": {
                            "enum": [
                                "https://openminds.ebrains.eu/sands/Image"
                            ],
                            "format": "iri",
                            "type": "string"
                        }
                    },
                    "required": [
                        "@id"
                    ]
                }
            },
            "minItems": 1,
            "title": "inspiredBy",
            "type": "array",
            "uniqueItems": true
        },
        "https://openminds.ebrains.eu/vocab/internalIdentifier": {
            "_instruction": "Enter the identifier used for this annotation within the file it is stored in.",
            "description": "Term or code that identifies someone or something within a particular product.",
            "title": "internalIdentifier",
            "type": "string"
        },
        "https://openminds.ebrains.eu/vocab/laterality": {
            "_instruction": "Add one or both sides of the body or bilateral organ that this annotation is defined in.",
            "description": "Differentiation between a pair of lateral homologous parts of the body.",
            "items": {
                "else": {
                    "properties": {
                        "@id": {
                            "format": "iri",
                            "type": "string"
                        }
                    },
                    "required": [
                        "@id"
                    ]
                },
                "if": {
                    "required": [
                        "@type"
                    ]
                },
                "then": {
                    "properties": {
                        "@id": {
                            "format": "iri",
                            "type": "string"
                        },
                        "@type": {
                            "enum": [
                                "https://openminds.ebrains.eu/controlledTerms/Laterality"
                            ],
                            "format": "iri",
                            "type": "string"
                        }
                    },
                    "required": [
                        "@id"
                    ]
                }
            },
            "maxItems": 2,
            "minItems": 1,
            "title": "laterality",
            "type": "array",
            "uniqueItems": true
        },
        "https://openminds.ebrains.eu/vocab/namingTerm": {
            "_instruction": "Add one or several anatomical entities that name this annotation.",
            "description": "Word or expression that has a precise meaning within a science, art, profession, or subject.",
            "items": {
                "else": {
                    "properties": {
                        "@id": {
                            "format": "iri",
                            "type": "string"
                        }
                    },
                    "required": [
                        "@id"
                    ]
                },
                "if": {
                    "required": [
                        "@type"
                    ]
                },
                "then": {
                    "properties": {
                        "@id": {
                            "format": "iri",
                            "type": "string"
                        },
                        "@type": {
                            "enum": [
                                "https://openminds.ebrains.eu/sands/AnatomicalEntity"
                            ],
                            "format": "iri",
                            "type": "string"
                        }
                    },
                    "required": [
                        "@id"
                    ]
                }
            },
            "minItems": 1,
            "title": "namingTerm",
            "type": "array",
            "uniqueItems": true
        },
        "https://openminds.ebrains.eu/vocab/relatedAtlasTerm": {
            "_instruction": "Add one or several anatomical entities of registered brain atlas annotations to which this annotation is related to.",
            "description": "Reference to a related naming term of an anatomical structure that is defined in a particular brain atlas.",
            "items": {
                "else": {
                    "properties": {
                        "@id": {
                            "format": "iri",
                            "type": "string"
                        }
                    },
                    "required": [
                        "@id"
                    ]
                },
                "if": {
                    "required": [
                        "@type"
                    ]
                },
                "then": {
                    "properties": {
                        "@id": {
                            "format": "iri",
                            "type": "string"
                        },
                        "@type": {
                            "enum": [
                                "https://openminds.ebrains.eu/sands/AnatomicalEntity"
                            ],
                            "format": "iri",
                            "type": "string"
                        }
                    },
                    "required": [
                        "@id"
                    ]
                }
            },
            "minItems": 1,
            "title": "relatedAtlasTerm",
            "type": "array",
            "unqiueItems": true
        },
        "https://openminds.ebrains.eu/vocab/visualizedIn": {
            "_instruction": "Add the image in which this annotation is visualized in.",
            "description": "Reference to an image in which something is visible.",
            "else": {
                "properties": {
                    "@id": {
                        "format": "iri",
                        "type": "string"
                    }
                },
                "required": [
                    "@id"
                ]
            },
            "if": {
                "required": [
                    "@type"
                ]
            },
            "then": {
                "properties": {
                    "@id": {
                        "format": "iri",
                        "type": "string"
                    },
                    "@type": {
                        "enum": [
                            "https://openminds.ebrains.eu/sands/Image"
                        ],
                        "format": "iri",
                        "type": "string"
                    }
                },
                "required": [
                    "@id"
                ]
            },
            "title": "visualizedIn",
            "type": "object"
        }
    },
    "required": [
        "https://openminds.ebrains.eu/vocab/internalIdentifier",
        "@type",
        "https://openminds.ebrains.eu/vocab/laterality",
        "https://openminds.ebrains.eu/vocab/criteriaQualityType",
        "@id",
        "https://openminds.ebrains.eu/vocab/namingTerm"
    ],
    "type": "object"
}