{
    "$id": "https://openminds.ebrains.eu/sands/electrodeArray?format=json-schema",
    "$schema": "http://json-schema.org/draft-07/schema#",
    "_type": "https://openminds.ebrains.eu/sands/ElectrodeArray",
    "description": "Structured information on an electrode array.",
    "properties": {
        "@id": {
            "description": "Metadata node identifier.",
            "type": "string"
        },
        "@type": {
            "const": "https://openminds.ebrains.eu/sands/ElectrodeArray",
            "type": "string"
        },
        "https://openminds.ebrains.eu/vocab/electrodes": {
            "_instruction": "Add two or more electrodes which build this array.",
            "description": "Elements in a semiconductor device that emits or collects electrons or holes or controls their movements.",
            "items": {
                "else": {
                    "properties": {
                        "@id": {
                            "format": "iri",
                            "type": "string"
                        }
                    },
                    "required": [
                        "@id"
                    ]
                },
                "if": {
                    "required": [
                        "@type"
                    ]
                },
                "then": {
                    "properties": {
                        "@id": {
                            "format": "iri",
                            "type": "string"
                        },
                        "@type": {
                            "enum": [
                                "https://openminds.ebrains.eu/sands/Electrode"
                            ],
                            "format": "iri",
                            "type": "string"
                        }
                    },
                    "required": [
                        "@id"
                    ]
                }
            },
            "minItems": 2,
            "title": "electrodes",
            "type": "array",
            "uniqueItems": true
        },
        "https://openminds.ebrains.eu/vocab/internalIdentifier": {
            "_instruction": "Enter the identifier used for this electrode array within the file it is stored in.",
            "description": "Term or code that identifies someone or something within a particular product.",
            "title": "internalIdentifier",
            "type": "string"
        }
    },
    "required": [
        "https://openminds.ebrains.eu/vocab/electrodes",
        "https://openminds.ebrains.eu/vocab/internalIdentifier",
        "@type",
        "@id"
    ],
    "title": "Electrode array",
    "type": "object"
}