{
    "_type": "https://openminds.ebrains.eu/core/QuantitativeValueRange",
    "required": [
        "maxValue",
        "minValue"
    ],
    "properties": {
        "maxValue": {
            "_instruction": "Add the maximum quantitative value of this range.",
            "_embeddedTypes": [
                "https://openminds.ebrains.eu/core/QuantitativeValue"
            ],
            "description": "Greatest quantity attained or allowed.",
            "title": "maxValue"
        },
        "minValue": {
            "_instruction": "Add the minimum quantitative value of this range.",
            "_embeddedTypes": [
                "https://openminds.ebrains.eu/core/QuantitativeValue"
            ],
            "description": "Smallest quantity attained or allowed.",
            "title": "minValue"
        }
    },
    "description": "A representation of a range of quantitative values."
}