{
    "_type": "https://openminds.ebrains.eu/core/MetaDataModel",
    "required": [
        "shortName",
        "fullName",
        "description",
        "hasVersion",
        "developer"
    ],
    "properties": {
        "developer": {
            "type": "array",
            "minItems": 1,
            "uniqueItems": true,
            "_instruction": "Add one or several developers (person or organization) that contributed to the code implementation of this software.",
            "_linkedTypes": [
                "https://openminds.ebrains.eu/core/Person",
                "https://openminds.ebrains.eu/core/Organization"
            ],
            "description": "Legal person that creates or improves products or services (e.g., software, applications, etc.).",
            "title": "developer"
        },
        "digitalIdentifier": {
            "_instruction": "Add the globally unique and persistent digital identifier of this research product. Note that this digital identifier will be used to reference all attached research product versions.",
            "_linkedTypes": [
                "https://openminds.ebrains.eu/core/DOI",
                "https://openminds.ebrains.eu/core/SWHID"
            ],
            "description": "Digital handle to identify objects or legal persons.",
            "title": "digitalIdentifier"
        },
        "hasVersion": {
            "type": "array",
            "minItems": 1,
            "uniqueItems": true,
            "_instruction": "Add one or several versions of this (meta)data model.",
            "_linkedTypes": [
                "https://openminds.ebrains.eu/core/MetaDataModelVersion"
            ],
            "description": "Reference to variants of an original.",
            "title": "hasVersion"
        },
        "custodian": {
            "type": "array",
            "minItems": 1,
            "uniqueItems": true,
            "_instruction": "Add one or several custodians (person or organization) that are responsible for this research product. Note that this custodian will be responsible for all attached research product versions.",
            "_linkedTypes": [
                "https://openminds.ebrains.eu/core/Person",
                "https://openminds.ebrains.eu/core/Organization"
            ],
            "description": "Legal person entrusted with guarding and maintaining property or records.",
            "title": "custodian"
        },
        "description": {
            "type": "string",
            "maxLength": 2000,
            "_instruction": "Enter a description (abstract) for this research product (max. 2000 characters, incl. spaces; no references). Note that this description should be fitting for all attached research product versions.",
            "description": "Longer statement or account giving the characteristics of someone or something.",
            "title": "description"
        },
        "fullName": {
            "type": "string",
            "_instruction": "Enter a descriptive full name (title) for this research product.  Note that this full name should be fitting for all attached research product versions.",
            "description": "Whole, non-abbreviated name of something or somebody.",
            "title": "fullName"
        },
        "homepage": {
            "_instruction": "Add the uniform resource locator (URL) to the homepage of this research product.",
            "_linkedTypes": [
                "https://openminds.ebrains.eu/core/URL"
            ],
            "description": "Main website of something or someone.",
            "title": "homepage"
        },
        "howToCite": {
            "type": "string",
            "_instruction": "Enter the preferred citation text for this research product. Leave blank if citation text can be extracted from the assigned digital identifier.",
            "description": "Preferred format for citing a particular object or legal person.",
            "title": "howToCite"
        },
        "shortName": {
            "type": "string",
            "maxLength": 30,
            "_instruction": "Enter a short name (alias) for this research product (max. 30 characters; no space).",
            "description": "Shortened or fully abbreviated name of something or somebody.",
            "title": "shortName"
        }
    }
}