{
    "_type": "https://openminds.ebrains.eu/core/ModelVersion",
    "required": [
        "releaseDate",
        "format",
        "fullDocumentation",
        "versionIdentifier",
        "versionInnovation",
        "shortName",
        "accessibility",
        "license"
    ],
    "properties": {
        "developer": {
            "type": "array",
            "minItems": 1,
            "uniqueItems": true,
            "_instruction": "Add all parties that developed this computational model version. Note that these developers will overwrite the developer list provided for the overarching computational model.",
            "_linkedTypes": [
                "https://openminds.ebrains.eu/core/Person",
                "https://openminds.ebrains.eu/core/Consortium",
                "https://openminds.ebrains.eu/core/Organization"
            ],
            "description": "Legal person that creates or improves products or services (e.g., software, applications, etc.).",
            "title": "developer"
        },
        "digitalIdentifier": {
            "_instruction": "Add the globally unique and persistent digital identifier of this research product version.",
            "_linkedTypes": [
                "https://openminds.ebrains.eu/core/DOI",
                "https://openminds.ebrains.eu/core/SWHID"
            ],
            "description": "Digital handle to identify objects or legal persons.",
            "title": "digitalIdentifier"
        },
        "format": {
            "type": "array",
            "minItems": 1,
            "uniqueItems": true,
            "_instruction": "Add the content type of this computational model version, or the content types of the files composing the model version.",
            "_linkedTypes": [
                "https://openminds.ebrains.eu/core/ContentType"
            ],
            "description": "Method of digitally organizing and structuring data or information.",
            "title": "format"
        },
        "inputData": {
            "type": "array",
            "minItems": 1,
            "uniqueItems": true,
            "_instruction": "Add the data that was used as input for this computational model version.",
            "_linkedTypes": [
                "https://openminds.ebrains.eu/core/DOI",
                "https://openminds.ebrains.eu/core/File",
                "https://openminds.ebrains.eu/core/FileBundle",
                "https://openminds.ebrains.eu/core/WebResource"
            ],
            "description": "Data that is put into a process or machine.",
            "title": "inputData"
        },
        "isAlternativeVersionOf": {
            "type": "array",
            "minItems": 1,
            "uniqueItems": true,
            "_instruction": "Add all computational model versions that can be used alternatively to this computational model version.",
            "_linkedTypes": [
                "https://openminds.ebrains.eu/core/ModelVersion"
            ],
            "description": "Reference to an original form where the essence was preserved, but presented in an alternative form.",
            "title": "isAlternativeVersionOf"
        },
        "isNewVersionOf": {
            "_instruction": "Add the computational model version preceding this computational model version.",
            "_linkedTypes": [
                "https://openminds.ebrains.eu/core/ModelVersion"
            ],
            "description": "Reference to a previous (potentially outdated) particular form of something.",
            "title": "isNewVersionOf"
        },
        "license": {
            "type": "array",
            "minItems": 1,
            "uniqueItems": true,
            "_instruction": "Add all licenses of this computational model version.",
            "_linkedTypes": [
                "https://openminds.ebrains.eu/core/License"
            ],
            "description": "Grant by a party to another party as an element of an agreement between those parties that permits to do, use, or own something.",
            "title": "license"
        },
        "outputData": {
            "type": "array",
            "minItems": 1,
            "uniqueItems": true,
            "_instruction": "Add the data that was generated as output by this computational model version.",
            "_linkedTypes": [
                "https://openminds.ebrains.eu/core/DOI",
                "https://openminds.ebrains.eu/core/File",
                "https://openminds.ebrains.eu/core/FileBundle",
                "https://openminds.ebrains.eu/core/WebResource"
            ],
            "description": "Data that comes out of, is delivered or produced by a process or machine.",
            "title": "outputData"
        },
        "accessibility": {
            "_instruction": "Add the accessibility of the data for this research product version.",
            "_linkedTypes": [
                "https://openminds.ebrains.eu/controlledTerms/ProductAccessibility"
            ],
            "description": "Level to which something is accessible to someone or something.",
            "title": "accessibility"
        },
        "copyright": {
            "_instruction": "Enter the copyright information of this research product version.",
            "_embeddedTypes": [
                "https://openminds.ebrains.eu/core/Copyright"
            ],
            "description": "Exclusive and assignable legal right of an originator to reproduce, publish, sell, or distribute the matter and form of a creative work for a defined time period.",
            "title": "copyright"
        },
        "custodian": {
            "type": "array",
            "minItems": 1,
            "uniqueItems": true,
            "_instruction": "Add all parties that fulfill the role of a custodian for the research product version (e.g., a research group leader or principle investigator). Custodians are typically the main contact in case of misconduct, obtain permission from the contributors to publish personal information, and maintain the content and quality of the data, metadata, and/or code of the research product version.",
            "_linkedTypes": [
                "https://openminds.ebrains.eu/core/Person",
                "https://openminds.ebrains.eu/core/Consortium",
                "https://openminds.ebrains.eu/core/Organization"
            ],
            "description": "The 'custodian' is a legal person who is responsible for the content and quality of the data, metadata, and/or code of a research product.",
            "title": "custodian"
        },
        "description": {
            "type": "string",
            "_instruction": "Enter a description (or abstract) of this research product version. Note that this version specific description will overwrite the description for the overarching dataset.",
            "description": "Longer statement or account giving the characteristics of someone or something.",
            "title": "description"
        },
        "fullDocumentation": {
            "_instruction": "Add the publication or file that acts as the full documentation of this research product version.",
            "_linkedTypes": [
                "https://openminds.ebrains.eu/core/DOI",
                "https://openminds.ebrains.eu/core/File",
                "https://openminds.ebrains.eu/core/WebResource"
            ],
            "description": "Non-abridged instructions, comments, and information for using a particular product.",
            "title": "fullDocumentation"
        },
        "fullName": {
            "type": "string",
            "_instruction": "Enter a descriptive full name (or title) for this research product version. Note that this version specific full name will overwrite the full name for the overarching dataset.",
            "description": "Whole, non-abbreviated name of something or somebody.",
            "title": "fullName"
        },
        "funding": {
            "type": "array",
            "minItems": 1,
            "uniqueItems": true,
            "_instruction": "Add all funding information of this research product version.",
            "_linkedTypes": [
                "https://openminds.ebrains.eu/core/Funding"
            ],
            "description": "Money provided by a legal person for a particular purpose.",
            "title": "funding"
        },
        "homepage": {
            "type": "string",
            "_formats": [
                "iri"
            ],
            "_instruction": "Enter the internationalized resource identifier (IRI) to the homepage of this research product version.",
            "description": "Main website of something or someone.",
            "title": "homepage"
        },
        "howToCite": {
            "type": "string",
            "_instruction": "Enter the preferred citation text for this research product version. Leave blank if citation text can be extracted from the assigned digital identifier.",
            "description": "Preferred format for citing a particular object or legal person.",
            "title": "howToCite"
        },
        "keyword": {
            "type": "array",
            "minItems": 1,
            "uniqueItems": true,
            "_instruction": "Add all relevant keywords to this research product version either by adding controlled terms or by suggesting new terms.",
            "_linkedTypes": [
                "https://openminds.ebrains.eu/controlledTerms/ActionStatusType",
                "https://openminds.ebrains.eu/controlledTerms/ModelAbstractionLevel",
                "https://openminds.ebrains.eu/controlledTerms/CellCultureType",
                "https://openminds.ebrains.eu/controlledTerms/AnatomicalPlane",
                "https://openminds.ebrains.eu/controlledTerms/AgeCategory",
                "https://openminds.ebrains.eu/controlledTerms/TissueSampleAttribute",
                "https://openminds.ebrains.eu/controlledTerms/Handedness",
                "https://openminds.ebrains.eu/controlledTerms/EthicsAssessment",
                "https://openminds.ebrains.eu/controlledTerms/LearningResourceType",
                "https://openminds.ebrains.eu/controlledTerms/BiologicalSex",
                "https://openminds.ebrains.eu/controlledTerms/ContributionType",
                "https://openminds.ebrains.eu/controlledTerms/TermSuggestion",
                "https://openminds.ebrains.eu/controlledTerms/EducationalLevel",
                "https://openminds.ebrains.eu/controlledTerms/OperatingDevice",
                "https://openminds.ebrains.eu/controlledTerms/AnnotationType",
                "https://openminds.ebrains.eu/controlledTerms/StimulationApproach",
                "https://openminds.ebrains.eu/controlledTerms/Language",
                "https://openminds.ebrains.eu/controlledTerms/TactileStimulusType",
                "https://openminds.ebrains.eu/controlledTerms/SubcellularEntity",
                "https://openminds.ebrains.eu/controlledTerms/OrganismSubstance",
                "https://openminds.ebrains.eu/controlledTerms/CellType",
                "https://openminds.ebrains.eu/controlledTerms/UBERONParcellation",
                "https://openminds.ebrains.eu/controlledTerms/VisualStimulusType",
                "https://openminds.ebrains.eu/controlledTerms/CriteriaQualityType",
                "https://openminds.ebrains.eu/controlledTerms/SetupType",
                "https://openminds.ebrains.eu/controlledTerms/GustatoryStimulusType",
                "https://openminds.ebrains.eu/controlledTerms/FileUsageRole",
                "https://openminds.ebrains.eu/controlledTerms/Laterality",
                "https://openminds.ebrains.eu/controlledTerms/AnatomicalAxesOrientation",
                "https://openminds.ebrains.eu/controlledTerms/MolecularEntity",
                "https://openminds.ebrains.eu/controlledTerms/FileRepositoryType",
                "https://openminds.ebrains.eu/controlledTerms/MeasuredQuantity",
                "https://openminds.ebrains.eu/controlledTerms/ElectricalStimulusType",
                "https://openminds.ebrains.eu/controlledTerms/MetaDataModelType",
                "https://openminds.ebrains.eu/controlledTerms/ExperimentalApproach",
                "https://openminds.ebrains.eu/controlledTerms/QualitativeOverlap",
                "https://openminds.ebrains.eu/controlledTerms/SoftwareApplicationCategory",
                "https://openminds.ebrains.eu/controlledTerms/PreparationType",
                "https://openminds.ebrains.eu/controlledTerms/StimulationTechnique",
                "https://openminds.ebrains.eu/controlledTerms/GeneticStrainType",
                "https://openminds.ebrains.eu/controlledTerms/Service",
                "https://openminds.ebrains.eu/controlledTerms/PatchClampVariation",
                "https://openminds.ebrains.eu/controlledTerms/Organ",
                "https://openminds.ebrains.eu/controlledTerms/SoftwareFeature",
                "https://openminds.ebrains.eu/controlledTerms/AtlasType",
                "https://openminds.ebrains.eu/controlledTerms/BreedingType",
                "https://openminds.ebrains.eu/controlledTerms/AnalysisTechnique",
                "https://openminds.ebrains.eu/controlledTerms/DataType",
                "https://openminds.ebrains.eu/controlledTerms/CranialWindowReinforcementType",
                "https://openminds.ebrains.eu/controlledTerms/TissueSampleType",
                "https://openminds.ebrains.eu/controlledTerms/ModelScope",
                "https://openminds.ebrains.eu/controlledTerms/AnnotationCriteriaType",
                "https://openminds.ebrains.eu/controlledTerms/DiseaseModel",
                "https://openminds.ebrains.eu/controlledTerms/Technique",
                "https://openminds.ebrains.eu/controlledTerms/SubjectAttribute",
                "https://openminds.ebrains.eu/controlledTerms/OlfactoryStimulusType",
                "https://openminds.ebrains.eu/controlledTerms/Species",
                "https://openminds.ebrains.eu/controlledTerms/ChemicalMixtureType",
                "https://openminds.ebrains.eu/controlledTerms/ProgrammingLanguage",
                "https://openminds.ebrains.eu/controlledTerms/Terminology",
                "https://openminds.ebrains.eu/controlledTerms/OrganismSystem",
                "https://openminds.ebrains.eu/controlledTerms/ProductAccessibility",
                "https://openminds.ebrains.eu/controlledTerms/UnitOfMeasurement",
                "https://openminds.ebrains.eu/controlledTerms/BiologicalOrder",
                "https://openminds.ebrains.eu/controlledTerms/TypeOfUncertainty",
                "https://openminds.ebrains.eu/controlledTerms/OperatingSystem",
                "https://openminds.ebrains.eu/controlledTerms/CranialWindowConstructionType",
                "https://openminds.ebrains.eu/controlledTerms/OpticalStimulusType",
                "https://openminds.ebrains.eu/controlledTerms/DifferenceMeasure",
                "https://openminds.ebrains.eu/controlledTerms/FileBundleGrouping",
                "https://openminds.ebrains.eu/controlledTerms/Disease",
                "https://openminds.ebrains.eu/controlledTerms/DeviceType",
                "https://openminds.ebrains.eu/controlledTerms/SemanticDataType",
                "https://openminds.ebrains.eu/controlledTerms/AuditoryStimulusType"
            ],
            "description": "Significant word or concept that are representative of something or someone.",
            "title": "keyword"
        },
        "otherContribution": {
            "type": "array",
            "minItems": 1,
            "uniqueItems": true,
            "_instruction": "Add any other contributions to this research product version that are not covered under 'author'/'developer' or 'custodian'.",
            "_embeddedTypes": [
                "https://openminds.ebrains.eu/core/Contribution"
            ],
            "description": "Giving or supplying of something (such as money or time) as a part or share other than what is covered elsewhere.",
            "title": "otherContribution"
        },
        "relatedPublication": {
            "type": "array",
            "minItems": 1,
            "uniqueItems": true,
            "_instruction": "Add all further publications besides the full documentation that provide the original context for the production of this research product version (e.g., an original research article that used or produced the data of this research product version).",
            "_linkedTypes": [
                "https://openminds.ebrains.eu/core/DOI",
                "https://openminds.ebrains.eu/core/HANDLE",
                "https://openminds.ebrains.eu/core/ISBN",
                "https://openminds.ebrains.eu/core/ISSN"
            ],
            "description": "Reference to something that was made available for the general public to see or buy.",
            "title": "relatedPublication"
        },
        "releaseDate": {
            "type": "string",
            "_formats": [
                "date"
            ],
            "_instruction": "Enter the date (actual or intended) on which this research product version was first release, formatted as 'YYYY-MM-DD'.",
            "description": "Fixed date on which a product is due to become or was made available for the general public to see or buy",
            "title": "releaseDate"
        },
        "repository": {
            "_instruction": "Add the file repository of this research product version.",
            "_linkedTypes": [
                "https://openminds.ebrains.eu/core/FileRepository"
            ],
            "description": "Place, room, or container where something is deposited or stored.",
            "title": "repository"
        },
        "shortName": {
            "type": "string",
            "_instruction": "Enter a short name (or alias) for this research product version that could be used as a shortened display title (e.g., for web services with too little space to display the full name).",
            "description": "Shortened or fully abbreviated name of something or somebody.",
            "title": "shortName"
        },
        "supportChannel": {
            "type": "array",
            "minItems": 1,
            "uniqueItems": true,
            "_instruction": "Enter all channels through which a user can receive support for handling this research product version.",
            "items": {
                "type": "string",
                "_formats": [
                    "email",
                    "iri"
                ]
            },
            "description": "Way of communication used to interact with users or customers.",
            "title": "supportChannel"
        },
        "versionIdentifier": {
            "type": "string",
            "_instruction": "Enter the version identifier of this research product version.",
            "description": "Term or code used to identify the version of something.",
            "title": "versionIdentifier"
        },
        "versionInnovation": {
            "type": "string",
            "_instruction": "Enter a short description (or summary) of the novelties/peculiarities of this research product version in comparison to its preceding versions. If this research product version is the first version, you can enter the following disclaimer 'This is the first version of this research product'.",
            "description": "Documentation on what changed in comparison to a previously published form of something.",
            "title": "versionInnovation"
        }
    },
    "_categories": [
        "researchProduct"
    ],
    "description": "Structured information on a computational model (version level)."
}