{
    "_type": "https://openminds.ebrains.eu/core/Setup",
    "_categories": [
        "setupComponent"
    ],
    "required": [
        "components",
        "description",
        "name"
    ],
    "properties": {
        "components": {
            "type": "array",
            "minItems": 2,
            "uniqueItems": true,
            "_instruction": "Add all components, including other setups, that are part in this setup. Note that a setup should not be only composed of software.",
            "_linkedTypes": [
                "https://openminds.ebrains.eu/specimenPrep/SlicingDevice",
                "https://openminds.ebrains.eu/ephys/ElectrodeArray",
                "https://openminds.ebrains.eu/ephys/Electrode",
                "https://openminds.ebrains.eu/ephys/Pipette",
                "https://openminds.ebrains.eu/core/SoftwareVersion",
                "https://openminds.ebrains.eu/core/Setup"
            ],
            "title": "components"
        },
        "description": {
            "type": "string",
            "_instruction": "Enter a short text describing this setup.",
            "description": "Longer statement or account giving the characteristics of someone or something.",
            "title": "description"
        },
        "location": {
            "type": "string",
            "_instruction": "Enter the geographic location of this setup. This may include room number, building, institution and/or city.",
            "title": "location"
        },
        "manufacturer": {
            "type": "array",
            "minItems": 1,
            "uniqueItems": true,
            "_instruction": "Add the manufacturer (private or industrial) that constructed this setup.",
            "_linkedTypes": [
                "https://openminds.ebrains.eu/core/Person",
                "https://openminds.ebrains.eu/core/Consortium",
                "https://openminds.ebrains.eu/core/Organization"
            ],
            "title": "manufacturer"
        },
        "name": {
            "type": "string",
            "_instruction": "Enter a descriptive name for this setup.",
            "description": "Word or phrase that constitutes the distinctive designation of a being or thing.",
            "title": "name"
        },
        "type": {
            "type": "array",
            "minItems": 1,
            "uniqueItems": true,
            "_instruction": "Add all types that describe this setup.",
            "_linkedTypes": [
                "https://openminds.ebrains.eu/controlledTerms/SetupType"
            ],
            "description": "Distinct class to which a group of entities or concepts with similar characteristics or attributes belong to.",
            "title": "type"
        }
    }
}