{
    "$id": "https://openminds.ebrains.eu/sands/brainAtlas?format=json-schema",
    "$schema": "http://json-schema.org/draft-07/schema#",
    "_type": "https://openminds.ebrains.eu/sands/BrainAtlas",
    "description": "Structured information on a brain atlas (concept level).",
    "properties": {
        "@id": {
            "description": "Metadata node identifier.",
            "type": "string"
        },
        "@type": {
            "const": "https://openminds.ebrains.eu/sands/BrainAtlas",
            "type": "string"
        },
        "https://openminds.ebrains.eu/vocab/description": {
            "_instruction": "Enter a short description for this brain atlas.",
            "description": "Longer statement or account giving the characteristics of someone or something.",
            "title": "description",
            "type": "string"
        },
        "https://openminds.ebrains.eu/vocab/digitalIdentifier": {
            "_instruction": "Add the globally unique and persistent digital identifier of this brain atlas.",
            "description": "Digital handle to identify objects or legal persons.",
            "else": {
                "properties": {
                    "@id": {
                        "format": "iri",
                        "type": "string"
                    }
                },
                "required": [
                    "@id"
                ]
            },
            "if": {
                "required": [
                    "@type"
                ]
            },
            "then": {
                "properties": {
                    "@id": {
                        "format": "iri",
                        "type": "string"
                    },
                    "@type": {
                        "enum": [
                            "https://openminds.ebrains.eu/core/DOI"
                        ],
                        "format": "iri",
                        "type": "string"
                    }
                },
                "required": [
                    "@id"
                ]
            },
            "title": "digitalIdentifier",
            "type": "object"
        },
        "https://openminds.ebrains.eu/vocab/fullName": {
            "_instruction": "Enter a descriptive full name for this brain atlas.",
            "description": "Whole, non-abbreviated name of something or somebody.",
            "title": "fullName",
            "type": "string"
        },
        "https://openminds.ebrains.eu/vocab/hasVersion": {
            "_instruction": "Add one or several brain atlas versions that belong to this brain atlas.",
            "description": "Reference to variants of an original.",
            "items": {
                "else": {
                    "properties": {
                        "@id": {
                            "format": "iri",
                            "type": "string"
                        }
                    },
                    "required": [
                        "@id"
                    ]
                },
                "if": {
                    "required": [
                        "@type"
                    ]
                },
                "then": {
                    "properties": {
                        "@id": {
                            "format": "iri",
                            "type": "string"
                        },
                        "@type": {
                            "enum": [
                                "https://openminds.ebrains.eu/sands/BrainAtlasVersion"
                            ],
                            "format": "iri",
                            "type": "string"
                        }
                    },
                    "required": [
                        "@id"
                    ]
                }
            },
            "minItems": 1,
            "title": "hasVersion",
            "type": "array",
            "uniqueItems": true
        },
        "https://openminds.ebrains.eu/vocab/homepage": {
            "_instruction": "Enter the internationalized resource identifier (IRI) to the homepage of this brain atlas.",
            "description": "Main website of something or someone.",
            "format": "iri",
            "title": "homepage",
            "type": "string"
        },
        "https://openminds.ebrains.eu/vocab/howToCite": {
            "_instruction": "Enter the preferred citation text for this brain atlas. Leave blank if citation text can be extracted from the assigned digital identifier.",
            "description": "Preferred format for citing a particular object or legal person.",
            "title": "howToCite",
            "type": "string"
        },
        "https://openminds.ebrains.eu/vocab/shortName": {
            "_instruction": "Enter a descriptive short name for this brain atlas.",
            "description": "Shortened or fully abbreviated name of something or somebody.",
            "title": "shortName",
            "type": "string"
        }
    },
    "required": [
        "@type",
        "https://openminds.ebrains.eu/vocab/description",
        "@id",
        "https://openminds.ebrains.eu/vocab/fullName",
        "https://openminds.ebrains.eu/vocab/shortName",
        "https://openminds.ebrains.eu/vocab/hasVersion"
    ],
    "type": "object"
}