{
    "$id": "https://openminds.ebrains.eu/core/stringProperty?format=json-schema",
    "$schema": "http://json-schema.org/draft-07/schema#",
    "_type": "https://openminds.ebrains.eu/core/StringProperty",
    "properties": {
        "@id": {
            "description": "Metadata node identifier.",
            "type": "string"
        },
        "@type": {
            "const": "https://openminds.ebrains.eu/core/StringProperty",
            "type": "string"
        },
        "https://openminds.ebrains.eu/vocab/name": {
            "_instruction": "Enter a descriptive name for this property.",
            "description": "Word or phrase that constitutes the distinctive designation of a being or thing.",
            "title": "name",
            "type": "string"
        },
        "https://openminds.ebrains.eu/vocab/value": {
            "_instruction": "Enter a text value for this property.",
            "description": "Entry for a property.",
            "title": "value",
            "type": "string"
        }
    },
    "required": [
        "https://openminds.ebrains.eu/vocab/name",
        "@id",
        "https://openminds.ebrains.eu/vocab/value",
        "@type"
    ],
    "type": "object"
}