{
    "_type": "https://openminds.ebrains.eu/controlledTerms/ModelAbstractionLevel",
    "required": [
        "name"
    ],
    "properties": {
        "definition": {
            "type": "string",
            "_instruction": "Enter one sentence for defining this term.",
            "description": "Short, but precise statement of the meaning of a word, word group, sign or a symbol.",
            "title": "Definition"
        },
        "description": {
            "type": "string",
            "_instruction": "Enter a short text describing this term.",
            "description": "Longer statement or account giving the characteristics of someone or something.",
            "title": "Description"
        },
        "interlexIdentifier": {
            "type": "string",
            "_formats": [
                "iri"
            ],
            "_instruction": "Enter the internationalized resource identifier (IRI) pointing to the integrated ontology entry in the InterLex project.",
            "title": "Interlex identifier"
        },
        "knowledgeSpaceLink": {
            "type": "string",
            "_formats": [
                "iri"
            ],
            "_instruction": "Enter the internationalized resource identifier (IRI) pointing to the wiki page of the corresponding term in the KnowledgeSpace.",
            "title": "Knowledge space link"
        },
        "name": {
            "type": "string",
            "_instruction": "Controlled term originating from a defined terminology.",
            "description": "Word or phrase that constitutes the distinctive designation of a being or thing.",
            "title": "Name"
        },
        "preferredOntologyIdentifier": {
            "type": "string",
            "_formats": [
                "iri"
            ],
            "_instruction": "Enter the internationalized resource identifier (IRI) pointing to the preferred ontological term.",
            "title": "Preferred ontology identifier"
        },
        "synonym": {
            "type": "array",
            "minItems": 1,
            "uniqueItems": true,
            "_instruction": "Enter one or several synonyms (inlcuding abbreviations) for this controlled term.",
            "items": {
                "type": "string"
            },
            "description": "Words or expressions used in the same language that have the same or nearly the same meaning in some or all senses.",
            "title": "Synonym"
        }
    },
    "description": "Structured information on abstraction level of the computational model.",
    "title": "Model abstraction level"
}