{
    "_type": "https://openminds.ebrains.eu/computation/ValidationTest",
    "required": [
        "developer",
        "description",
        "fullName",
        "hasVersion",
        "shortName"
    ],
    "properties": {
        "developer": {
            "type": "array",
            "minItems": 1,
            "uniqueItems": true,
            "_instruction": "Add one or several developers (person or organization) that contributed to this validation test.",
            "_linkedTypes": [
                "https://openminds.ebrains.eu/core/Consortium",
                "https://openminds.ebrains.eu/core/Organization",
                "https://openminds.ebrains.eu/core/Person"
            ],
            "description": "Legal person that creates or improves products or services (e.g., software, applications, etc.).",
            "title": "developer"
        },
        "digitalIdentifier": {
            "_instruction": "Add the globally unique and persistent digital identifier of this research product. Note that this digital identifier will be used to reference all attached research product versions.",
            "_linkedTypes": [
                "https://openminds.ebrains.eu/core/DOI"
            ],
            "description": "Digital handle to identify objects or legal persons.",
            "title": "digitalIdentifier"
        },
        "hasVersion": {
            "type": "array",
            "minItems": 1,
            "uniqueItems": true,
            "_instruction": "Add one or several versions of this validation test.",
            "_linkedTypes": [
                "https://openminds.ebrains.eu/computation/ValidationTestVersion"
            ],
            "description": "Reference to variants of an original.",
            "title": "hasVersion"
        },
        "scope": {
            "_instruction": "Add the scope of this validation test.",
            "_linkedTypes": [
                "https://openminds.ebrains.eu/controlledTerms/ModelScope"
            ],
            "description": "Extent of something.",
            "title": "scope"
        },
        "studyTarget": {
            "type": "array",
            "minItems": 1,
            "uniqueItems": true,
            "_instruction": "Add all study targets of this validation test.",
            "_linkedTypes": [
                "https://openminds.ebrains.eu/controlledTerms/OrganismSystem",
                "https://openminds.ebrains.eu/controlledTerms/OpticalStimulusType",
                "https://openminds.ebrains.eu/controlledTerms/TactileStimulusType",
                "https://openminds.ebrains.eu/controlledTerms/CellType",
                "https://openminds.ebrains.eu/controlledTerms/BreedingType",
                "https://openminds.ebrains.eu/controlledTerms/TermSuggestion",
                "https://openminds.ebrains.eu/controlledTerms/GustatoryStimulusType",
                "https://openminds.ebrains.eu/controlledTerms/UBERONParcellation",
                "https://openminds.ebrains.eu/controlledTerms/OrganismSubstance",
                "https://openminds.ebrains.eu/controlledTerms/OlfactoryStimulusType",
                "https://openminds.ebrains.eu/controlledTerms/Species",
                "https://openminds.ebrains.eu/controlledTerms/ElectricalStimulusType",
                "https://openminds.ebrains.eu/controlledTerms/Handedness",
                "https://openminds.ebrains.eu/controlledTerms/DiseaseModel",
                "https://openminds.ebrains.eu/controlledTerms/BiologicalSex",
                "https://openminds.ebrains.eu/controlledTerms/GeneticStrainType",
                "https://openminds.ebrains.eu/controlledTerms/MolecularEntity",
                "https://openminds.ebrains.eu/controlledTerms/CellCultureType",
                "https://openminds.ebrains.eu/controlledTerms/VisualStimulusType",
                "https://openminds.ebrains.eu/controlledTerms/Disease",
                "https://openminds.ebrains.eu/controlledTerms/AuditoryStimulusType",
                "https://openminds.ebrains.eu/controlledTerms/BiologicalOrder",
                "https://openminds.ebrains.eu/controlledTerms/Organ",
                "https://openminds.ebrains.eu/controlledTerms/SubcellularEntity",
                "https://openminds.ebrains.eu/sands/CustomAnatomicalEntity",
                "https://openminds.ebrains.eu/sands/ParcellationEntityVersion",
                "https://openminds.ebrains.eu/sands/ParcellationEntity"
            ],
            "description": "Structure or function that was targeted within a study.",
            "title": "studyTarget"
        },
        "experimentalTechnique": {
            "_instruction": "Add the experimental technique used to obtain the reference data for this validation test.",
            "_linkedTypes": [
                "https://openminds.ebrains.eu/controlledTerms/Technique"
            ],
            "title": "experimentalTechnique"
        },
        "scoreType": {
            "_instruction": "Add the type of the score calculated in this validation test.",
            "_linkedTypes": [
                "https://openminds.ebrains.eu/controlledTerms/DifferenceMeasure"
            ],
            "title": "scoreType"
        },
        "custodian": {
            "type": "array",
            "minItems": 1,
            "uniqueItems": true,
            "_instruction": "Add all parties that fulfill the role of a custodian for this research product (e.g., a research group leader or principle investigator). Custodians are typically the main contact in case of misconduct, obtain permission from the contributors to publish personal information, and maintain the content and quality of the data, metadata, and/or code of the research product. Unless specified differently, this custodian will be responsible for all attached research product versions.",
            "_linkedTypes": [
                "https://openminds.ebrains.eu/core/Consortium",
                "https://openminds.ebrains.eu/core/Organization",
                "https://openminds.ebrains.eu/core/Person"
            ],
            "description": "The 'custodian' is a legal person who is responsible for the content and quality of the data, metadata, and/or code of a research product.",
            "title": "custodian"
        },
        "description": {
            "type": "string",
            "_instruction": "Enter a description (or abstract) of this research product. Note that this should be a suitable description for all attached research product versions.",
            "description": "Longer statement or account giving the characteristics of someone or something.",
            "title": "description"
        },
        "fullName": {
            "type": "string",
            "_instruction": "Enter a descriptive full name (or title) for this research product. Note that this should be a suitable full name for all attached research product versions.",
            "description": "Whole, non-abbreviated name of something or somebody.",
            "title": "fullName"
        },
        "homepage": {
            "type": "string",
            "_formats": [
                "iri"
            ],
            "_instruction": "Enter the internationalized resource identifier (IRI) to the homepage of this research product.",
            "description": "Main website of something or someone.",
            "title": "homepage"
        },
        "howToCite": {
            "type": "string",
            "_instruction": "Enter the preferred citation text for this research product. Leave blank if citation text can be extracted from the assigned digital identifier.",
            "description": "Preferred format for citing a particular object or legal person.",
            "title": "howToCite"
        },
        "shortName": {
            "type": "string",
            "_instruction": "Enter a short name (or alias) for this research product that could be used as a shortened display title (e.g., for web services with too little space to display the full name).",
            "description": "Shortened or fully abbreviated name of something or somebody.",
            "title": "shortName"
        }
    },
    "_categories": [
        "researchProduct"
    ]
}