{
    "_type": "https://openminds.ebrains.eu/computation/Visualization",
    "_categories": [
        "computationalActivity"
    ],
    "required": [
        "startTime",
        "launchConfiguration",
        "input",
        "output",
        "environment"
    ],
    "properties": {
        "environment": {
            "_instruction": "Add the computational environment in which this computation was executed.",
            "_linkedTypes": [
                "https://openminds.ebrains.eu/computation/Environment"
            ],
            "title": "environment"
        },
        "input": {
            "_linkedTypes": [
                "https://openminds.ebrains.eu/computation/LocalFile",
                "https://openminds.ebrains.eu/core/File",
                "https://openminds.ebrains.eu/core/FileBundle",
                "https://openminds.ebrains.eu/core/SoftwareVersion"
            ],
            "type": "array",
            "minItems": 1,
            "uniqueItems": true,
            "_instruction": "Add all inputs used by this activity.",
            "description": "Something or someone that is put into or participates in a process or machine.",
            "title": "input"
        },
        "launchConfiguration": {
            "_instruction": "Add the launch configuration of this computation (e.g., command-line arguments).",
            "_linkedTypes": [
                "https://openminds.ebrains.eu/computation/LaunchConfiguration"
            ],
            "title": "launchConfiguration"
        },
        "output": {
            "_linkedTypes": [
                "https://openminds.ebrains.eu/computation/LocalFile",
                "https://openminds.ebrains.eu/core/File",
                "https://openminds.ebrains.eu/core/FileBundle"
            ],
            "type": "array",
            "minItems": 1,
            "uniqueItems": true,
            "_instruction": "Add all outputs generated by this activity.",
            "description": "Something or someone that comes out of, is delivered or produced by a process or machine.",
            "title": "output"
        },
        "recipe": {
            "_instruction": "Add the workflow recipe version used for this computation.",
            "_linkedTypes": [
                "https://openminds.ebrains.eu/computation/WorkflowRecipeVersion"
            ],
            "title": "recipe"
        },
        "resourceUsage": {
            "type": "array",
            "minItems": 1,
            "uniqueItems": true,
            "_instruction": "Enter all resources used during this computation (e.g., core-hours or energy).",
            "_embeddedTypes": [
                "https://openminds.ebrains.eu/core/QuantitativeValue",
                "https://openminds.ebrains.eu/core/QuantitativeValueRange"
            ],
            "title": "resourceUsage"
        },
        "startedBy": {
            "_instruction": "Add the agent that started this computation.",
            "_linkedTypes": [
                "https://openminds.ebrains.eu/core/Person",
                "https://openminds.ebrains.eu/computation/SoftwareAgent"
            ],
            "title": "startedBy"
        },
        "status": {
            "_instruction": "Enter the current status of this computation.",
            "_linkedTypes": [
                "https://openminds.ebrains.eu/controlledTerms/ActionStatusType"
            ],
            "title": "status"
        },
        "tag": {
            "type": "array",
            "minItems": 1,
            "uniqueItems": true,
            "_instruction": "Enter any custom tags for this computation.",
            "items": {
                "type": "string"
            },
            "title": "tag"
        },
        "wasInformedBy": {
            "_instruction": "Add another computation that sent data to this one during runtime.",
            "_linkedTypes": [
                "https://openminds.ebrains.eu/computation/Optimization",
                "https://openminds.ebrains.eu/computation/Visualization",
                "https://openminds.ebrains.eu/computation/Simulation",
                "https://openminds.ebrains.eu/computation/DataAnalysis",
                "https://openminds.ebrains.eu/computation/ModelValidation"
            ],
            "title": "wasInformedBy"
        },
        "customPropertySet": {
            "type": "array",
            "minItems": 1,
            "uniqueItems": true,
            "_instruction": "Add any user-defined parameters grouped in context-specific sets that are not covered in the standardized properties of this activity.",
            "_embeddedTypes": [
                "https://openminds.ebrains.eu/core/CustomPropertySet"
            ],
            "title": "customPropertySet"
        },
        "description": {
            "type": "string",
            "_instruction": "Enter a description of this activity.",
            "description": "Longer statement or account giving the characteristics of someone or something.",
            "title": "description"
        },
        "endTime": {
            "type": "string",
            "_formats": [
                "date-time",
                "time"
            ],
            "_instruction": "Enter the date and/or time on when this activity ended, formatted as either '2023-02-07T16:00:00+00:00' (date-time) or '16:00:00+00:00' (time).",
            "title": "endTime"
        },
        "lookupLabel": {
            "type": "string",
            "_instruction": "Enter a lookup label for this activity that may help you to find this instance more easily.",
            "title": "lookupLabel"
        },
        "performedBy": {
            "type": "array",
            "minItems": 1,
            "uniqueItems": true,
            "_instruction": "Add all agents that performed this activity.",
            "_linkedTypes": [
                "https://openminds.ebrains.eu/core/Person",
                "https://openminds.ebrains.eu/computation/SoftwareAgent"
            ],
            "title": "performedBy"
        },
        "startTime": {
            "type": "string",
            "_formats": [
                "date-time",
                "time"
            ],
            "_instruction": "Enter the date and/or time on when this activity started, formatted as either '2023-02-07T16:00:00+00:00' (date-time) or '16:00:00+00:00' (time).",
            "title": "startTime"
        },
        "studyTarget": {
            "type": "array",
            "minItems": 1,
            "uniqueItems": true,
            "_instruction": "Add all study targets of this activity.",
            "_linkedTypes": [
                "https://openminds.ebrains.eu/controlledTerms/OrganismSubstance",
                "https://openminds.ebrains.eu/controlledTerms/TactileStimulusType",
                "https://openminds.ebrains.eu/controlledTerms/OrganismSystem",
                "https://openminds.ebrains.eu/controlledTerms/GeneticStrainType",
                "https://openminds.ebrains.eu/controlledTerms/Disease",
                "https://openminds.ebrains.eu/controlledTerms/BreedingType",
                "https://openminds.ebrains.eu/controlledTerms/Organ",
                "https://openminds.ebrains.eu/controlledTerms/DiseaseModel",
                "https://openminds.ebrains.eu/controlledTerms/VisualStimulusType",
                "https://openminds.ebrains.eu/controlledTerms/Species",
                "https://openminds.ebrains.eu/controlledTerms/ElectricalStimulusType",
                "https://openminds.ebrains.eu/controlledTerms/SubcellularEntity",
                "https://openminds.ebrains.eu/controlledTerms/AuditoryStimulusType",
                "https://openminds.ebrains.eu/controlledTerms/CellType",
                "https://openminds.ebrains.eu/controlledTerms/GustatoryStimulusType",
                "https://openminds.ebrains.eu/controlledTerms/CellCultureType",
                "https://openminds.ebrains.eu/controlledTerms/UBERONParcellation",
                "https://openminds.ebrains.eu/controlledTerms/Handedness",
                "https://openminds.ebrains.eu/controlledTerms/TermSuggestion",
                "https://openminds.ebrains.eu/controlledTerms/OpticalStimulusType",
                "https://openminds.ebrains.eu/controlledTerms/OlfactoryStimulusType",
                "https://openminds.ebrains.eu/controlledTerms/BiologicalSex",
                "https://openminds.ebrains.eu/controlledTerms/BiologicalOrder",
                "https://openminds.ebrains.eu/controlledTerms/MolecularEntity",
                "https://openminds.ebrains.eu/sands/ParcellationEntity",
                "https://openminds.ebrains.eu/sands/ParcellationEntityVersion",
                "https://openminds.ebrains.eu/sands/CustomAnatomicalEntity"
            ],
            "description": "Structure or function that was targeted within a study.",
            "title": "studyTarget"
        }
    }
}