{
    "_type": "https://openminds.ebrains.eu/computation/Visualization",
    "required": [
        "input",
        "launchConfiguration",
        "environment",
        "startedAtTime",
        "output"
    ],
    "properties": {
        "input": {
            "_linkedTypes": [
                "https://openminds.ebrains.eu/core/FileBundle",
                "https://openminds.ebrains.eu/core/File",
                "https://openminds.ebrains.eu/core/SoftwareVersion"
            ],
            "type": "array",
            "minItems": 1,
            "uniqueItems": true,
            "_instruction": "Add all inputs used by this activity.",
            "description": "Something or someone that is put into or participates in a process or machine.",
            "title": "input"
        },
        "output": {
            "_linkedTypes": [
                "https://openminds.ebrains.eu/core/FileBundle",
                "https://openminds.ebrains.eu/core/File"
            ],
            "type": "array",
            "minItems": 1,
            "uniqueItems": true,
            "_instruction": "Add all outputs generated by this activity.",
            "description": "Something or someone that comes out of, is delivered or produced by a process or machine.",
            "title": "output"
        },
        "environment": {
            "_instruction": "Add the computational environment in which this computation was executed.",
            "_linkedTypes": [
                "https://openminds.ebrains.eu/computation/Environment"
            ],
            "title": "environment"
        },
        "launchConfiguration": {
            "_instruction": "Add the launch configuration of this computation, e.g. command-line arguments",
            "_linkedTypes": [
                "https://openminds.ebrains.eu/computation/LaunchConfiguration"
            ],
            "title": "launchConfiguration"
        },
        "startedBy": {
            "_instruction": "Add the person or software agent who launched this computation.",
            "_linkedTypes": [
                "https://openminds.ebrains.eu/core/Person",
                "https://openminds.ebrains.eu/computation/SoftwareAgent"
            ],
            "title": "startedBy"
        },
        "wasInformedBy": {
            "_instruction": "Add any other computation that sent data to this one during runtime.",
            "_linkedTypes": [
                "https://openminds.ebrains.eu/computation/Computation"
            ],
            "title": "wasInformedBy"
        },
        "status": {
            "_instruction": "Enter the current status of this computation.",
            "_linkedTypes": [
                "https://openminds.ebrains.eu/controlledTerms/ActionStatusType"
            ],
            "title": "status"
        },
        "resourceUsage": {
            "_instruction": "Enter the resources (e.g. core-hours, energy) used by this computation.",
            "type": "array",
            "minItems": 1,
            "uniqueItems": true,
            "_embeddedTypes": [
                "https://openminds.ebrains.eu/core/QuantitativeValue",
                "https://openminds.ebrains.eu/core/QuantitativeValueRange"
            ],
            "title": "resourceUsage"
        },
        "tags": {
            "type": "array",
            "minItems": 1,
            "uniqueItems": true,
            "_instruction": "Enter custom tags for this computation.",
            "items": {
                "type": "string"
            },
            "title": "tags"
        },
        "description": {
            "type": "string",
            "_instruction": "Enter a description of this activity.",
            "description": "Longer statement or account giving the characteristics of someone or something.",
            "title": "description"
        },
        "endedAtTime": {
            "type": "string",
            "_formats": [
                "date-time",
                "time"
            ],
            "_instruction": "Enter the time (e.g., '20:20:39+00:00') or datetime (e.g., '2018-11-13T20:20:39+00:00') of when the activity ended.",
            "title": "endedAtTime"
        },
        "lookupLabel": {
            "type": "string",
            "_instruction": "Enter a lookup label for this activity that may help you to more easily find it again.",
            "title": "lookupLabel"
        },
        "parameterSet": {
            "type": "array",
            "minItems": 1,
            "uniqueItems": true,
            "_instruction": "Add all important parameters grouped in context-specific sets that were used in this activity.",
            "_embeddedTypes": [
                "https://openminds.ebrains.eu/core/ParameterSet"
            ],
            "description": "Manner, position, or direction in which digital or physical properties are set to determine a particular function, characteristics or behavior of something.",
            "title": "parameterSet"
        },
        "startedAtTime": {
            "type": "string",
            "_formats": [
                "date-time",
                "time"
            ],
            "_instruction": "Enter the time (e.g., '20:20:39+00:00') or datetime (e.g., '2018-11-13T20:20:39+00:00') of when the activity started.",
            "title": "startedAtTime"
        },
        "studyTarget": {
            "type": "array",
            "minItems": 1,
            "uniqueItems": true,
            "_instruction": "Add all study targets of this activity.",
            "_linkedTypes": [
                "https://openminds.ebrains.eu/controlledTerms/CellType",
                "https://openminds.ebrains.eu/controlledTerms/DiseaseModel",
                "https://openminds.ebrains.eu/controlledTerms/Disease",
                "https://openminds.ebrains.eu/controlledTerms/Strain",
                "https://openminds.ebrains.eu/controlledTerms/TermSuggestion",
                "https://openminds.ebrains.eu/controlledTerms/Species",
                "https://openminds.ebrains.eu/controlledTerms/Organ",
                "https://openminds.ebrains.eu/controlledTerms/Phenotype",
                "https://openminds.ebrains.eu/controlledTerms/Handedness",
                "https://openminds.ebrains.eu/controlledTerms/BiologicalOrder",
                "https://openminds.ebrains.eu/controlledTerms/BiologicalSex",
                "https://openminds.ebrains.eu/sands/ParcellationEntityVersion",
                "https://openminds.ebrains.eu/sands/ParcellationEntity",
                "https://openminds.ebrains.eu/sands/CustomAnatomicalEntity"
            ],
            "description": "Structure or function that was targeted within a study.",
            "title": "studyTarget"
        }
    }
}