{
    "$id": "https://openminds.ebrains.eu/core/organization?format=json-schema",
    "$schema": "http://json-schema.org/draft-07/schema#",
    "_categories": [
        "legalPerson"
    ],
    "_type": "https://openminds.ebrains.eu/core/Organization",
    "description": "Structured information on an organization.",
    "properties": {
        "@id": {
            "description": "Metadata node identifier.",
            "type": "string"
        },
        "@type": {
            "const": "https://openminds.ebrains.eu/core/Organization",
            "type": "string"
        },
        "digitalIdentifier": {
            "_instruction": "Add one or several globally unique and persistent digital identifier for this organization.",
            "description": "Digital handle to identify objects or legal persons.",
            "items": {
                "else": {
                    "properties": {
                        "@id": {
                            "format": "iri",
                            "type": "string"
                        }
                    },
                    "required": [
                        "@id"
                    ]
                },
                "if": {
                    "required": [
                        "@type"
                    ]
                },
                "then": {
                    "properties": {
                        "@id": {
                            "format": "iri",
                            "type": "string"
                        },
                        "@type": {
                            "enum": [
                                "https://openminds.ebrains.eu/core/GRIDID",
                                "https://openminds.ebrains.eu/core/RORID"
                            ],
                            "format": "iri",
                            "type": "string"
                        }
                    },
                    "required": [
                        "@id"
                    ]
                }
            },
            "minItems": 1,
            "title": "Digital identifier",
            "type": "array",
            "uniqueItems": true
        },
        "fullName": {
            "_instruction": "Enter the full name of the organization.",
            "description": "Whole, non-abbreviated name of something or somebody.",
            "title": "Full name",
            "type": "string"
        },
        "hasParent": {
            "_instruction": "Add a parent organization to this organization.",
            "description": "Reference to a parent object or legal person.",
            "else": {
                "properties": {
                    "@id": {
                        "format": "iri",
                        "type": "string"
                    }
                },
                "required": [
                    "@id"
                ]
            },
            "if": {
                "required": [
                    "@type"
                ]
            },
            "then": {
                "properties": {
                    "@id": {
                        "format": "iri",
                        "type": "string"
                    },
                    "@type": {
                        "enum": [
                            "https://openminds.ebrains.eu/core/Organization"
                        ],
                        "format": "iri",
                        "type": "string"
                    }
                },
                "required": [
                    "@id"
                ]
            },
            "title": "Has parent",
            "type": "object"
        },
        "homepage": {
            "_instruction": "Add the uniform resource locator (URL) to the homepage of this organization.",
            "description": "Main website of something or someone.",
            "else": {
                "properties": {
                    "@id": {
                        "format": "iri",
                        "type": "string"
                    }
                },
                "required": [
                    "@id"
                ]
            },
            "if": {
                "required": [
                    "@type"
                ]
            },
            "then": {
                "properties": {
                    "@id": {
                        "format": "iri",
                        "type": "string"
                    },
                    "@type": {
                        "enum": [
                            "https://openminds.ebrains.eu/core/URL"
                        ],
                        "format": "iri",
                        "type": "string"
                    }
                },
                "required": [
                    "@id"
                ]
            },
            "title": "Homepage",
            "type": "object"
        },
        "shortName": {
            "_instruction": "Enter the short name of this organization.",
            "description": "Shortened or fully abbreviated name of something or somebody.",
            "title": "Short name",
            "type": "string"
        }
    },
    "required": [
        "@id",
        "fullName",
        "@type"
    ],
    "title": "Organization",
    "type": "object"
}