{
    "_type": "https://openminds.ebrains.eu/core/SubjectState",
    "required": [
        "ageCategory"
    ],
    "properties": {
        "ageCategory": {
            "_instruction": "Add the age category of the subject in this state.",
            "_linkedTypes": [
                "https://openminds.ebrains.eu/controlledTerms/AgeCategory"
            ],
            "description": "Distinct life cycle class that is defined by a similar age or age range (developmental stage) within a group of individual beings.",
            "title": "ageCategory"
        },
        "handedness": {
            "_instruction": "Add the preferred hand of the subject in this state.",
            "_linkedTypes": [
                "https://openminds.ebrains.eu/controlledTerms/Laterality"
            ],
            "description": "Degree to which an organism prefers one hand or foot over the other hand or foot during the performance of a task.",
            "title": "handedness"
        },
        "additionalRemarks": {
            "type": "string",
            "_instruction": "Enter additional remarks about the specimen (set) in this state.",
            "description": "Mention of what deserves additional attention or notice.",
            "title": "additionalRemarks"
        },
        "age": {
            "_instruction": "Add the age of the specimen (set) in this state.",
            "_embeddedTypes": [
                "https://openminds.ebrains.eu/core/QuantitativeValue",
                "https://openminds.ebrains.eu/core/QuantitativeValueRange"
            ],
            "description": "Time of life or existence at which some particular qualification, capacity or event arises.",
            "title": "age"
        },
        "pathology": {
            "type": "array",
            "minItems": 1,
            "uniqueItems": true,
            "_instruction": "Add the pathology of the specimen (set) in this state.",
            "_linkedTypes": [
                "https://openminds.ebrains.eu/controlledTerms/Disease",
                "https://openminds.ebrains.eu/controlledTerms/DiseaseModel"
            ],
            "description": "Structural and functional deviation from the normal that constitutes a disease or characterizes a particular disease.",
            "title": "pathology"
        },
        "weight": {
            "_instruction": "Add the weight of the specimen (set) in this state.",
            "_embeddedTypes": [
                "https://openminds.ebrains.eu/core/QuantitativeValue",
                "https://openminds.ebrains.eu/core/QuantitativeValueRange"
            ],
            "description": "Amount that a thing or being weighs.",
            "title": "weight"
        }
    },
    "description": "Structured information on a temporary state of a subject."
}