{
    "_type": "https://openminds.ebrains.eu/core/TissueSample",
    "required": [
        "biologicalSex",
        "studiedState",
        "type",
        "origin",
        "species",
        "internalIdentifier"
    ],
    "properties": {
        "laterality": {
            "type": "array",
            "maxItems": 2,
            "minItems": 1,
            "uniqueItems": true,
            "_instruction": "Add one or both hemisphere sides from which this tissue sample originates from.",
            "_linkedTypes": [
                "https://openminds.ebrains.eu/controlledTerms/Laterality"
            ],
            "description": "Differentiation between a pair of lateral homologous parts of the body.",
            "title": "laterality"
        },
        "origin": {
            "_instruction": "Add the biogical origin (organ or cell type) of this tissue sample.",
            "_linkedTypes": [
                "https://openminds.ebrains.eu/controlledTerms/CellType",
                "https://openminds.ebrains.eu/controlledTerms/Organ"
            ],
            "description": "Source at which something begins or rises, or from which something derives.",
            "title": "origin"
        },
        "studiedState": {
            "type": "array",
            "minItems": 1,
            "uniqueItems": true,
            "_instruction": "Add all states in which this tissue sample was studied.",
            "_linkedTypes": [
                "https://openminds.ebrains.eu/core/TissueSampleState"
            ],
            "description": "Reference to a point in time at which something or someone was studied in a particular mode or condition.",
            "title": "studiedState"
        },
        "type": {
            "_instruction": "Add the type of this tissue sample.",
            "_linkedTypes": [
                "https://openminds.ebrains.eu/controlledTerms/TissueSampleType"
            ],
            "description": "Distinct class to which a group of entities or concepts with similar characteristics or attributes belong to.",
            "title": "type"
        },
        "biologicalSex": {
            "_instruction": "Add the biological sex of this specimen.",
            "_linkedTypes": [
                "https://openminds.ebrains.eu/controlledTerms/BiologicalSex"
            ],
            "description": "Differentiation of individuals of most species (animals and plants) based on the type of gametes they produce.",
            "title": "biologicalSex"
        },
        "internalIdentifier": {
            "type": "string",
            "_instruction": "Enter the identifier of this specimen that is used within the corresponding data.",
            "description": "Term or code that identifies someone or something within a particular product.",
            "title": "internalIdentifier"
        },
        "genotype": {
            "_instruction": "Add the genotype of this specimen.",
            "_linkedTypes": [
                "https://openminds.ebrains.eu/controlledTerms/Genotype"
            ],
            "description": "Genetic constitution of an individual or group.",
            "title": "genotype"
        },
        "phenotype": {
            "_instruction": "Add the phenotype of this specimen.",
            "_linkedTypes": [
                "https://openminds.ebrains.eu/controlledTerms/Phenotype"
            ],
            "description": "Physical expression of one or more genes of an organism.",
            "title": "phenotype"
        },
        "species": {
            "_instruction": "Add the species of this specimen.",
            "_linkedTypes": [
                "https://openminds.ebrains.eu/controlledTerms/Species"
            ],
            "description": "Category of biological classification comprising related organisms or populations potentially capable of interbreeding, and being designated by a binomial that consists of the name of a genus followed by a Latin or latinized uncapitalized noun or adjective.",
            "title": "species"
        },
        "strain": {
            "_instruction": "Add the strain of this specimen.",
            "_linkedTypes": [
                "https://openminds.ebrains.eu/controlledTerms/Strain"
            ],
            "description": "Group of presumed common ancestry with physiological but usually not morphological distinctions.",
            "title": "strain"
        }
    },
    "description": "Structured information on a tissue sample."
}