{
    "$id": "https://openminds.ebrains.eu/sands/parcellationTerminology?format=json-schema",
    "$schema": "http://json-schema.org/draft-07/schema#",
    "_type": "https://openminds.ebrains.eu/sands/ParcellationTerminology",
    "properties": {
        "@id": {
            "description": "Metadata node identifier.",
            "type": "string"
        },
        "@type": {
            "const": "https://openminds.ebrains.eu/sands/ParcellationTerminology",
            "type": "string"
        },
        "https://openminds.ebrains.eu/vocab/definedIn": {
            "_instruction": "Add one or several files in which this parcellation terminology is stored in.",
            "description": "Reference to a file instance in which something is stored.",
            "items": {
                "else": {
                    "properties": {
                        "@id": {
                            "format": "iri",
                            "type": "string"
                        }
                    },
                    "required": [
                        "@id"
                    ]
                },
                "if": {
                    "required": [
                        "@type"
                    ]
                },
                "then": {
                    "properties": {
                        "@id": {
                            "format": "iri",
                            "type": "string"
                        },
                        "@type": {
                            "enum": [
                                "https://openminds.ebrains.eu/core/File"
                            ],
                            "format": "iri",
                            "type": "string"
                        }
                    },
                    "required": [
                        "@id"
                    ]
                }
            },
            "minItems": 1,
            "title": "definedIn",
            "type": "array",
            "uniqueItems": true
        },
        "https://openminds.ebrains.eu/vocab/fullName": {
            "_instruction": "Enter a descriptive full name for this parcellation terminology.",
            "description": "Whole, non-abbreviated name of something or somebody.",
            "title": "fullName",
            "type": "string"
        },
        "https://openminds.ebrains.eu/vocab/isAlternativeVersionOf": {
            "_instruction": "Add one or several alternative versions to this parcellation terminology.",
            "description": "Reference to an original form where the essence was preserved, but presented in an alternative form.",
            "items": {
                "else": {
                    "properties": {
                        "@id": {
                            "format": "iri",
                            "type": "string"
                        }
                    },
                    "required": [
                        "@id"
                    ]
                },
                "if": {
                    "required": [
                        "@type"
                    ]
                },
                "then": {
                    "properties": {
                        "@id": {
                            "format": "iri",
                            "type": "string"
                        },
                        "@type": {
                            "enum": [
                                "https://openminds.ebrains.eu/sands/BrainAtlasVersion"
                            ],
                            "format": "iri",
                            "type": "string"
                        }
                    },
                    "required": [
                        "@id"
                    ]
                }
            },
            "minItems": 1,
            "title": "isAlternativeVersionOf",
            "type": "array",
            "uniqueItems": true
        },
        "https://openminds.ebrains.eu/vocab/isNewVersionOf": {
            "_instruction": "Add the earlier version of this parcellation terminology.",
            "description": "Reference to a previous (potentially outdated) particular form of something.",
            "else": {
                "properties": {
                    "@id": {
                        "format": "iri",
                        "type": "string"
                    }
                },
                "required": [
                    "@id"
                ]
            },
            "if": {
                "required": [
                    "@type"
                ]
            },
            "then": {
                "properties": {
                    "@id": {
                        "format": "iri",
                        "type": "string"
                    },
                    "@type": {
                        "enum": [
                            "https://openminds.ebrains.eu/sands/BrainAtlasVersion"
                        ],
                        "format": "iri",
                        "type": "string"
                    }
                },
                "required": [
                    "@id"
                ]
            },
            "title": "isNewVersionOf",
            "type": "object"
        },
        "https://openminds.ebrains.eu/vocab/ontologyIdentifier": {
            "_instruction": "Enter the identifier (IRI) of the related ontological term matching this parcellation terminology.",
            "description": "Term or code used to identify something or someone registered within a particular ontology.",
            "format": "iri",
            "title": "ontologyIdentifier",
            "type": "string"
        },
        "https://openminds.ebrains.eu/vocab/shortName": {
            "_instruction": "Enter a descriptive short name for this parcellation terminology.",
            "description": "Shortened or fully abbreviated name of something or somebody.",
            "title": "shortName",
            "type": "string"
        },
        "https://openminds.ebrains.eu/vocab/versionIdentifier": {
            "_instruction": "Enter the version identifier of this parcellation terminology.",
            "description": "Term or code used to identify the version of something.",
            "title": "versionIdentifier",
            "type": "string"
        },
        "https://openminds.ebrains.eu/vocab/versionInnovation": {
            "_instruction": "Enter a short description of the novelties/peculiarities of this parcellation terminology.",
            "description": "Documentation on what changed in comparison to a previously published form of something.",
            "title": "versionInnovation",
            "type": "string"
        }
    },
    "required": [
        "https://openminds.ebrains.eu/vocab/versionIdentifier",
        "https://openminds.ebrains.eu/vocab/shortName",
        "https://openminds.ebrains.eu/vocab/versionInnovation",
        "https://openminds.ebrains.eu/vocab/fullName",
        "@type",
        "@id"
    ],
    "type": "object"
}