{
    "$id": "https://openminds.ebrains.eu/core/serviceLink?format=json-schema",
    "$schema": "http://json-schema.org/draft-07/schema#",
    "_type": "https://openminds.ebrains.eu/core/ServiceLink",
    "properties": {
        "@id": {
            "description": "Metadata node identifier.",
            "type": "string"
        },
        "@type": {
            "const": "https://openminds.ebrains.eu/core/ServiceLink",
            "type": "string"
        },
        "https://openminds.ebrains.eu/vocab/dataLocation": {
            "_instruction": "Add the file or file bundle with the data that are linked to the specified service.",
            "else": {
                "properties": {
                    "@id": {
                        "format": "iri",
                        "type": "string"
                    }
                },
                "required": [
                    "@id"
                ]
            },
            "if": {
                "required": [
                    "@type"
                ]
            },
            "then": {
                "properties": {
                    "@id": {
                        "format": "iri",
                        "type": "string"
                    },
                    "@type": {
                        "enum": [
                            "https://openminds.ebrains.eu/core/File",
                            "https://openminds.ebrains.eu/core/FileBundle"
                        ],
                        "format": "iri",
                        "type": "string"
                    }
                },
                "required": [
                    "@id"
                ]
            },
            "title": "dataLocation",
            "type": "object"
        },
        "https://openminds.ebrains.eu/vocab/openDataIn": {
            "_instruction": "Add the uniform resource locator (URL) to open the linked data in the specified service.",
            "else": {
                "properties": {
                    "@id": {
                        "format": "iri",
                        "type": "string"
                    }
                },
                "required": [
                    "@id"
                ]
            },
            "if": {
                "required": [
                    "@type"
                ]
            },
            "then": {
                "properties": {
                    "@id": {
                        "format": "iri",
                        "type": "string"
                    },
                    "@type": {
                        "enum": [
                            "https://openminds.ebrains.eu/core/URL"
                        ],
                        "format": "iri",
                        "type": "string"
                    }
                },
                "required": [
                    "@id"
                ]
            },
            "title": "openDataIn",
            "type": "object"
        },
        "https://openminds.ebrains.eu/vocab/service": {
            "_instruction": "Add the service in which the specified data can be opened.",
            "else": {
                "properties": {
                    "@id": {
                        "format": "iri",
                        "type": "string"
                    }
                },
                "required": [
                    "@id"
                ]
            },
            "if": {
                "required": [
                    "@type"
                ]
            },
            "then": {
                "properties": {
                    "@id": {
                        "format": "iri",
                        "type": "string"
                    },
                    "@type": {
                        "enum": [
                            "https://openminds.ebrains.eu/controlledTerms/Service"
                        ],
                        "format": "iri",
                        "type": "string"
                    }
                },
                "required": [
                    "@id"
                ]
            },
            "title": "service",
            "type": "object"
        }
    },
    "required": [
        "@type",
        "https://openminds.ebrains.eu/vocab/service",
        "@id",
        "https://openminds.ebrains.eu/vocab/openDataIn",
        "https://openminds.ebrains.eu/vocab/dataLocation"
    ],
    "type": "object"
}