{
    "_type": "https://openminds.ebrains.eu/ephys/CellPatching",
    "properties": {
        "bathTemperature": {
            "_instruction": "Enter the temperature of the bath solution.",
            "_embeddedTypes": [
                "https://openminds.ebrains.eu/core/QuantitativeValue",
                "https://openminds.ebrains.eu/core/QuantitativeValueRange"
            ],
            "title": "bathTemperature"
        },
        "device": {
            "type": "array",
            "minItems": 1,
            "uniqueItems": true,
            "_instruction": "Add all patch pipettes placed during this activity.",
            "_linkedTypes": [
                "https://openminds.ebrains.eu/ephys/ElectrodeArrayUsage",
                "https://openminds.ebrains.eu/ephys/PipetteUsage",
                "https://openminds.ebrains.eu/ephys/ElectrodeUsage",
                "https://openminds.ebrains.eu/specimenPrep/SlicingDeviceUsage"
            ],
            "description": "Piece of equipment or mechanism (hardware) designed to serve a special purpose or perform a special function.",
            "title": "device"
        },
        "tissueBathSolution": {
            "_instruction": "Add the chemical mixture used as bath solution during this activity.",
            "_linkedTypes": [
                "https://openminds.ebrains.eu/chemicals/ChemicalMixture"
            ],
            "title": "tissueBathSolution"
        },
        "variation": {
            "_instruction": "Add the patch-clamp variation used during this activity.",
            "_linkedTypes": [
                "https://openminds.ebrains.eu/controlledTerms/PatchClampVariation"
            ],
            "title": "variation"
        },
        "input": {
            "_instruction": "Add the state of the specimen that the device is being placed in or on during this activity.",
            "_linkedTypes": [
                "https://openminds.ebrains.eu/core/TissueSampleState",
                "https://openminds.ebrains.eu/core/SubjectState"
            ],
            "type": "array",
            "minItems": 1,
            "uniqueItems": true,
            "description": "Something or someone that is put into or participates in a process or machine.",
            "title": "input"
        },
        "output": {
            "type": "array",
            "minItems": 1,
            "uniqueItems": true,
            "_instruction": "Add all states of the specimen(s) that the device was placed in or on as a result of this activity.",
            "_linkedTypes": [
                "https://openminds.ebrains.eu/core/TissueSampleState",
                "https://openminds.ebrains.eu/core/SubjectState"
            ],
            "description": "Something or someone that comes out of, is delivered or produced by a process or machine.",
            "title": "output"
        },
        "targetPosition": {
            "_instruction": "Enter the anatomical target position for the placement of the device.",
            "_embeddedTypes": [
                "https://openminds.ebrains.eu/sands/AnatomicalTargetPosition"
            ],
            "title": "targetPosition"
        },
        "isPartOf": {
            "_instruction": "Add the dataset version in which this activity was conducted.",
            "_linkedTypes": [
                "https://openminds.ebrains.eu/core/DatasetVersion"
            ],
            "description": "Reference to the ensemble of multiple things or beings.",
            "title": "isPartOf"
        },
        "preparationDesign": {
            "_instruction": "Add the initial preparation type for this activity.",
            "_linkedTypes": [
                "https://openminds.ebrains.eu/controlledTerms/PreparationType"
            ],
            "title": "preparationDesign"
        },
        "protocol": {
            "type": "array",
            "minItems": 1,
            "uniqueItems": true,
            "_instruction": "Add all protocols used during this activity.",
            "_linkedTypes": [
                "https://openminds.ebrains.eu/core/Protocol"
            ],
            "description": "Plan that describes the process of a scientific or medical experiment, treatment, or procedure.",
            "title": "protocol"
        },
        "customPropertySet": {
            "type": "array",
            "minItems": 1,
            "uniqueItems": true,
            "_instruction": "Add any user-defined parameters grouped in context-specific sets that are not covered in the standardized properties of this activity.",
            "_embeddedTypes": [
                "https://openminds.ebrains.eu/core/CustomPropertySet"
            ],
            "title": "customPropertySet"
        },
        "description": {
            "type": "string",
            "_instruction": "Enter a description of this activity.",
            "description": "Longer statement or account giving the characteristics of someone or something.",
            "title": "description"
        },
        "endTime": {
            "type": "string",
            "_formats": [
                "date-time",
                "time"
            ],
            "_instruction": "Enter the date and/or time on when this activity ended, formatted as either '2023-02-07T16:00:00+00:00' (date-time) or '16:00:00+00:00' (time).",
            "title": "endTime"
        },
        "lookupLabel": {
            "type": "string",
            "_instruction": "Enter a lookup label for this activity that may help you to find this instance more easily.",
            "title": "lookupLabel"
        },
        "performedBy": {
            "type": "array",
            "minItems": 1,
            "uniqueItems": true,
            "_instruction": "Add all agents that performed this activity.",
            "_linkedTypes": [
                "https://openminds.ebrains.eu/core/Person",
                "https://openminds.ebrains.eu/computation/SoftwareAgent"
            ],
            "title": "performedBy"
        },
        "startTime": {
            "type": "string",
            "_formats": [
                "date-time",
                "time"
            ],
            "_instruction": "Enter the date and/or time on when this activity started, formatted as either '2023-02-07T16:00:00+00:00' (date-time) or '16:00:00+00:00' (time).",
            "title": "startTime"
        },
        "studyTarget": {
            "type": "array",
            "minItems": 1,
            "uniqueItems": true,
            "_instruction": "Add all study targets of this activity.",
            "_linkedTypes": [
                "https://openminds.ebrains.eu/controlledTerms/CellCultureType",
                "https://openminds.ebrains.eu/controlledTerms/TermSuggestion",
                "https://openminds.ebrains.eu/controlledTerms/VisualStimulusType",
                "https://openminds.ebrains.eu/controlledTerms/Species",
                "https://openminds.ebrains.eu/controlledTerms/OlfactoryStimulusType",
                "https://openminds.ebrains.eu/controlledTerms/CellType",
                "https://openminds.ebrains.eu/controlledTerms/Handedness",
                "https://openminds.ebrains.eu/controlledTerms/OrganismSubstance",
                "https://openminds.ebrains.eu/controlledTerms/GeneticStrainType",
                "https://openminds.ebrains.eu/controlledTerms/Organ",
                "https://openminds.ebrains.eu/controlledTerms/Disease",
                "https://openminds.ebrains.eu/controlledTerms/OrganismSystem",
                "https://openminds.ebrains.eu/controlledTerms/BiologicalOrder",
                "https://openminds.ebrains.eu/controlledTerms/UBERONParcellation",
                "https://openminds.ebrains.eu/controlledTerms/BiologicalSex",
                "https://openminds.ebrains.eu/controlledTerms/ElectricalStimulusType",
                "https://openminds.ebrains.eu/controlledTerms/MolecularEntity",
                "https://openminds.ebrains.eu/controlledTerms/GustatoryStimulusType",
                "https://openminds.ebrains.eu/controlledTerms/AuditoryStimulusType",
                "https://openminds.ebrains.eu/controlledTerms/TactileStimulusType",
                "https://openminds.ebrains.eu/controlledTerms/SubcellularEntity",
                "https://openminds.ebrains.eu/controlledTerms/OpticalStimulusType",
                "https://openminds.ebrains.eu/controlledTerms/BreedingType",
                "https://openminds.ebrains.eu/controlledTerms/DiseaseModel",
                "https://openminds.ebrains.eu/sands/CustomAnatomicalEntity",
                "https://openminds.ebrains.eu/sands/ParcellationEntityVersion",
                "https://openminds.ebrains.eu/sands/ParcellationEntity"
            ],
            "description": "Structure or function that was targeted within a study.",
            "title": "studyTarget"
        }
    },
    "required": [
        "device",
        "input",
        "isPartOf",
        "protocol",
        "output"
    ]
}