{
    "_type": "https://openminds.ebrains.eu/ephys/ElectrodePlacement",
    "required": [
        "input",
        "device",
        "output",
        "protocol",
        "isPartOf"
    ],
    "properties": {
        "device": {
            "_instruction": "Add the devices placed by this activity.",
            "_linkedTypes": [
                "https://openminds.ebrains.eu/ephys/ElectrodeUsage",
                "https://openminds.ebrains.eu/ephys/ElectrodeArrayUsage",
                "https://openminds.ebrains.eu/ephys/PipetteUsage",
                "https://openminds.ebrains.eu/specimenPrep/SlicingDeviceUsage"
            ],
            "description": "Piece of equipment or mechanism (hardware) designed to serve a special purpose or perform a special function.",
            "title": "device"
        },
        "input": {
            "_instruction": "Add the state of the specimen into/onto which the device was placed, before the device was placed.",
            "_linkedTypes": [
                "https://openminds.ebrains.eu/core/TissueSampleState",
                "https://openminds.ebrains.eu/core/SubjectState"
            ],
            "type": "array",
            "minItems": 1,
            "uniqueItems": true,
            "description": "Something or someone that is put into or participates in a process or machine.",
            "title": "input"
        },
        "output": {
            "type": "array",
            "minItems": 1,
            "uniqueItems": true,
            "_instruction": "Add the state of the specimen after the device was placed, or the specimens created by this activity.",
            "_linkedTypes": [
                "https://openminds.ebrains.eu/core/TissueSampleState",
                "https://openminds.ebrains.eu/core/SubjectState"
            ],
            "description": "Something or someone that comes out of, is delivered or produced by a process or machine.",
            "title": "output"
        },
        "targetPosition": {
            "_instruction": "Add the general target position for the device.",
            "_embeddedTypes": [
                "https://openminds.ebrains.eu/sands/AnatomicalTargetPosition"
            ],
            "title": "targetPosition"
        },
        "isPartOf": {
            "_instruction": "Add the dataset version in which this experimental activity was conducted.",
            "_linkedTypes": [
                "https://openminds.ebrains.eu/core/DatasetVersion"
            ],
            "description": "Reference to the ensemble of multiple things or beings.",
            "title": "isPartOf"
        },
        "preparationDesign": {
            "_instruction": "Add the initial preparation type for this experimental activity.",
            "_linkedTypes": [
                "https://openminds.ebrains.eu/controlledTerms/PreparationType"
            ],
            "title": "preparationDesign"
        },
        "protocol": {
            "type": "array",
            "minItems": 1,
            "uniqueItems": true,
            "_instruction": "Add all protocols that were used in this experimental activity.",
            "_linkedTypes": [
                "https://openminds.ebrains.eu/core/Protocol"
            ],
            "description": "Plan that describes the process of a scientific or medical experiment, treatment, or procedure.",
            "title": "protocol"
        },
        "customPropertySet": {
            "type": "array",
            "minItems": 1,
            "uniqueItems": true,
            "_instruction": "If any parameters are not covered in the standardized properties of the respective activity, it is possible to add here user-defined parameters grouped in context-specific sets.",
            "_embeddedTypes": [
                "https://openminds.ebrains.eu/core/CustomPropertySet"
            ],
            "title": "customPropertySet"
        },
        "description": {
            "type": "string",
            "_instruction": "Enter a description of this activity.",
            "description": "Longer statement or account giving the characteristics of someone or something.",
            "title": "description"
        },
        "endedAtTime": {
            "type": "string",
            "_formats": [
                "date-time",
                "time"
            ],
            "_instruction": "Enter the time (e.g., '20:20:39+00:00') or datetime (e.g., '2018-11-13T20:20:39+00:00') of when the activity ended.",
            "title": "endedAtTime"
        },
        "lookupLabel": {
            "type": "string",
            "_instruction": "Enter a lookup label for this activity that may help you to more easily find it again.",
            "title": "lookupLabel"
        },
        "performedBy": {
            "type": "array",
            "minItems": 1,
            "uniqueItems": true,
            "_instruction": "Add all agents (persons or software agent) that performed this activity.",
            "_linkedTypes": [
                "https://openminds.ebrains.eu/core/Person",
                "https://openminds.ebrains.eu/computation/SoftwareAgent"
            ],
            "title": "performedBy"
        },
        "startedAtTime": {
            "type": "string",
            "_formats": [
                "date-time",
                "time"
            ],
            "_instruction": "Enter the time (e.g., '20:20:39+00:00') or datetime (e.g., '2018-11-13T20:20:39+00:00') of when the activity started.",
            "title": "startedAtTime"
        },
        "studyTarget": {
            "type": "array",
            "minItems": 1,
            "uniqueItems": true,
            "_instruction": "Add all study targets of this activity.",
            "_linkedTypes": [
                "https://openminds.ebrains.eu/sands/CustomAnatomicalEntity",
                "https://openminds.ebrains.eu/sands/ParcellationEntity",
                "https://openminds.ebrains.eu/sands/ParcellationEntityVersion",
                "https://openminds.ebrains.eu/controlledTerms/SubcellularEntity",
                "https://openminds.ebrains.eu/controlledTerms/Handedness",
                "https://openminds.ebrains.eu/controlledTerms/GustatoryStimulusType",
                "https://openminds.ebrains.eu/controlledTerms/BreedingType",
                "https://openminds.ebrains.eu/controlledTerms/Species",
                "https://openminds.ebrains.eu/controlledTerms/MolecularEntity",
                "https://openminds.ebrains.eu/controlledTerms/Organ",
                "https://openminds.ebrains.eu/controlledTerms/ElectricalStimulusType",
                "https://openminds.ebrains.eu/controlledTerms/VisualStimulusType",
                "https://openminds.ebrains.eu/controlledTerms/BiologicalOrder",
                "https://openminds.ebrains.eu/controlledTerms/TermSuggestion",
                "https://openminds.ebrains.eu/controlledTerms/BiologicalSex",
                "https://openminds.ebrains.eu/controlledTerms/Disease",
                "https://openminds.ebrains.eu/controlledTerms/TactileStimulusType",
                "https://openminds.ebrains.eu/controlledTerms/OpticalStimulusType",
                "https://openminds.ebrains.eu/controlledTerms/DiseaseModel",
                "https://openminds.ebrains.eu/controlledTerms/UBERONParcellation",
                "https://openminds.ebrains.eu/controlledTerms/GeneticStrainType",
                "https://openminds.ebrains.eu/controlledTerms/AuditoryStimulusType",
                "https://openminds.ebrains.eu/controlledTerms/CellCultureType",
                "https://openminds.ebrains.eu/controlledTerms/CellType",
                "https://openminds.ebrains.eu/controlledTerms/OlfactoryStimulusType"
            ],
            "description": "Structure or function that was targeted within a study.",
            "title": "studyTarget"
        }
    }
}